time,joint_Root.z,joint_Root.x,joint_Root.y,Hips.z,Hips.x,Hips.y,Spine.z,Spine.x,Spine.y,Chest.z,Chest.x,Chest.y,Neck.z,Neck.x,Neck.y,Head.z,Head.x,Head.y,Shoulder_L.z,Shoulder_L.x,Shoulder_L.y,UpperArm_L.z,UpperArm_L.x,UpperArm_L.y,LowerArm_L.z,LowerArm_L.x,LowerArm_L.y,Hand_L.z,Hand_L.x,Hand_L.y,Shoulder_R.z,Shoulder_R.x,Shoulder_R.y,UpperArm_R.z,UpperArm_R.x,UpperArm_R.y,LowerArm_R.z,LowerArm_R.x,LowerArm_R.y,Hand_R.z,Hand_R.x,Hand_R.y,UpperLeg_L.z,UpperLeg_L.x,UpperLeg_L.y,LowerLeg_L.z,LowerLeg_L.x,LowerLeg_L.y,Foot_L.z,Foot_L.x,Foot_L.y,Toes_L.z,Toes_L.x,Toes_L.y,UpperLeg_R.z,UpperLeg_R.x,UpperLeg_R.y,LowerLeg_R.z,LowerLeg_R.x,LowerLeg_R.y,Foot_R.z,Foot_R.x,Foot_R.y,Toes_R.z,Toes_R.x,Toes_R.y
   0.00000,   0.00000,   0.00000,  -0.00000,  88.98930,  -5.14473,   4.54930,  90.47970,  85.45530, -90.55900,   1.32307,   0.08049,  -0.15948,   0.71944,   0.28169,   0.44237,  -5.57123,   0.68805,   0.61090, -91.51340,   5.66602, -90.01850, -60.10070,   6.41642,  -1.85160,  -4.63571,  -8.14621, -29.77750,  17.60250,   5.59367, -10.97050,  88.13760,   7.78236, -91.49680, -65.14150,   6.75702,   2.56004,   7.46806,  14.30600, -27.94910,   7.45842,   5.45522,  -4.82802,-176.51100,  -3.52841,  -2.62894,   0.01142,  -0.02983,  13.03160,  -1.32492,   0.35481, -56.02210,  -0.00515,   0.00386, -16.57690, 176.33700,  14.18360, 179.09100,   0.01335,  -0.02441,  15.43560,  -4.90679,   4.80721, -63.28570,   0.17093,  -0.19653, -18.48930
   0.03333,   0.00000,   0.00000,  -0.00000,  89.09310,  -4.93327,   5.44373,  90.54060,  85.39480, -90.65610,   1.44406,   0.09320,  -0.23197,   0.78833,   0.53478,  -0.09311,  -5.27332,   0.95893,  -0.34041, -91.40640,   5.25983, -90.00890, -58.99600,   5.15152,  -2.75686,  -4.94831,  -8.31815, -30.89910,  17.89180,   5.59849, -11.25240,  88.10340,   7.87903, -91.42090, -64.26550,   6.27094,   2.38223,   7.10766,  13.80800, -27.58820,   7.61616,   5.45602,  -4.85529,-176.46600,  -3.20631,  -1.41293,   0.00809,  -0.00847,  13.36790,  -1.44651,   0.32697, -56.69640,  -0.00365,   0.00277, -16.57690, 177.20600,  13.35890, 179.45600,   0.03758,  -0.11936,  13.84410,  -1.14206,   6.04138, -61.94170,   0.16444,  -0.18884, -18.41540
   0.06667,   0.00000,   0.00000,  -0.00000,  89.55730,  -4.67511,   6.42355,  90.81200,  85.27080, -91.08070,   1.69192,   0.14821,  -0.53913,   0.69484,   0.78313,  -0.61528,  -4.81117,   1.12531,  -0.74077, -91.44220,   5.34306, -89.87180, -56.56770,   5.93308,  -3.68446,  -4.89247,  -8.17386, -31.04990,  17.14550,   5.60736, -11.79530,  88.06030,   8.09201, -91.47270, -62.80350,   6.59396,   2.15152,   6.57200,  13.31240, -26.58380,   7.17130,   5.46179,  -5.06740,-176.76400,  -3.44148,  -0.46468,   0.00605,   0.00642,  14.37240,  -1.45590,   0.86308, -57.70000,  -0.00682,   0.00519, -16.57650, 176.81400,  12.62410,-179.84500,   0.01218,  -0.01741,  13.31440,  -0.58049,   6.31064, -56.90170,   0.08762,  -0.09908, -17.54660
   0.10000,   0.00000,   0.00000,  -0.00000,  90.46910,  -4.35533,   7.14237,  91.37290,  85.33090, -91.95330,   1.57115,   0.25498,  -1.16330,   0.65620,   0.80907,  -0.86291,  -3.60826,   1.14591,  -1.00994, -91.53920,   5.79835, -90.10670, -52.88350,   8.43819,  -3.82915,  -4.26723,  -7.30242, -30.41240,  15.79980,   5.61152, -12.05780,  88.06590,   8.27339, -91.79350, -60.96620,   7.47752,   2.22562,   6.36624,  13.82450, -25.03330,   5.84953,   5.46052,  -5.02078,-177.52500,  -4.17186,   0.31805,   0.00419,   0.01840,  15.15290,  -1.34345,   1.69876, -58.59080,   0.00295,  -0.00456, -16.65910, 175.57600,  12.61370, 179.89600,   0.01527,  -0.01574,  16.31960,  -0.57617,   6.00176, -58.94650,   0.12953,  -0.14772, -18.01870
   0.13333,   0.00000,   0.00000,  -0.00000,  90.65560,  -3.88038,   6.98039,  90.98210,  85.75870, -91.59070,   0.71664,   0.18278,  -1.21728,   0.69041,   0.64940,  -0.99061,  -1.84981,   1.11371,  -1.20297, -91.67730,   6.53769, -90.57590, -49.02130,  11.54540,  -3.28274,  -3.17410,  -5.85211, -28.53890,  14.16810,   5.60821, -11.83690,  88.05710,   8.57037, -92.17510, -58.44970,   8.59698,   2.24993,   6.27693,  15.21500, -22.74470,   3.68662,   5.44912,  -4.60194,-177.62000,  -4.12192,   0.63113,   0.00852,   0.00206,  15.01740,  -1.46870,   1.56787, -58.92990,   0.03049,  -0.04774, -17.42870, 175.01900,  14.96980,-179.86600,   0.01921,  -0.02627,  16.67270,  -0.30312,   7.81876, -59.58340,   0.10074,  -0.11422, -17.69390
   0.16667,   0.00000,   0.00000,  -0.00000,  90.59250,  -3.70799,   6.36388,  90.56140,  86.36620, -90.98130,  -0.49830,   0.10146,  -0.83887,   0.59903,   0.63844,  -1.18087,   0.31049,   0.89471,  -1.32190, -91.64040,   6.64480, -91.10060, -47.46470,  12.49600,  -2.53698,  -2.10351,  -4.43888, -25.38020,  11.49520,   5.58055, -10.20100,  88.20370,   8.47191, -92.98400, -55.78310,   7.89985,   2.59415,   6.63158,  17.27750, -21.38210,   1.63514,   5.41243,  -3.33587,-177.60500,  -3.23116,   0.85743,   0.01072,  -0.01071,  14.61780,  -2.05272,  -1.37194, -60.60530,   0.07279,  -0.11668, -18.64400, 175.07300,  15.74530,-179.44800,   0.01847,  -0.02528,  15.57960,  -0.30593,   8.36831, -59.48040,   0.10262,  -0.11641, -17.71510
   0.20000,   0.00000,   0.00000,  -0.00000,  90.51940,  -3.82636,   5.81916,  91.56850,  86.84860, -91.73960,  -1.46525,   0.18627,  -0.33971,  -0.06036,   0.59323,  -1.31266,   2.61964,   0.60396,  -1.34253, -91.39240,   6.01993, -91.95450, -48.09260,   9.76020,  -2.23626,  -1.14635,  -2.88748, -21.65560,   8.26371,   5.53123,  -7.83042,  88.50360,   7.84138, -94.16290, -53.65580,   5.19919,   3.10534,   7.49313,  19.05220, -21.94940,   1.30703,   5.32370,  -0.61891,-177.42200,  -3.70400,   1.19803,   0.00524,   0.00850,  13.90690,  -2.35560,  -2.62056, -61.19350,   0.08080,  -0.13013, -18.87900, 175.19300,  16.05270,-179.07300,   0.02048,  -0.03607,  14.58980,  -0.35035,   8.63152, -59.39310,   0.12546,  -0.14293, -17.97250
   0.23333,   0.00000,   0.00000,  -0.00000,  90.33280,  -4.10798,   5.81614,  93.06470,  87.05560, -92.99590,  -1.88593,   0.30892,   0.14257,  -0.99852,   0.53227,  -1.13681,   4.62676,   0.42771,  -1.41522, -91.20050,   5.65081, -92.98490, -48.63840,   8.51253,  -2.35780,  -0.63467,  -1.79488, -19.47940,   9.33311,   5.49572,  -6.36225,  88.81020,   7.13038, -95.50080, -52.30920,   4.40214,   2.78652,   8.15975,  19.61310, -23.13280,   4.05345,   5.26532,   1.01878,-177.08200,  -4.21679,   1.52499,   0.00309,   0.01518,  13.92800,  -2.40937,  -2.38457, -60.58480,   0.07792,  -0.12527, -18.79420, 175.26100,  16.16690,-178.70700,   0.02172,  -0.03831,  14.73660,  -0.38641,   8.59696, -59.86220,   0.17491,  -0.20128, -18.53500
   0.26667,   0.00000,   0.00000,  -0.00000,  90.24430,  -4.45961,   6.51136,  93.56600,  86.99120, -93.33070,  -1.76084,   0.35465,   0.47601,  -1.68439,   0.47021,  -0.83079,   5.97045,   0.41286,  -1.55970, -91.08940,   5.55690, -93.89350, -49.26360,  11.65670,  -3.44742,  -0.62082,  -1.87459, -18.32680,  13.00940,   5.52700,  -7.63905,  89.01090,   6.84560, -96.76240, -51.51380,   5.64418,   1.36090,   8.50600,  18.59180, -25.13530,   5.45663,   5.27023,   0.89253,-176.77500,  -4.69348,   2.38759,  -0.00404,   0.04403,  14.36380,  -2.46927,  -2.08979, -60.35970,   0.05037,  -0.07974, -17.99450, 175.23300,  14.92280,-177.92900,   0.02069,  -0.02946,  15.43580,  -0.54205,   7.47074, -60.65420,   0.21636,  -0.25107, -19.01120
   0.30000,   0.00000,   0.00000,  -0.00000,  90.31490,  -4.83475,   7.13429,  92.73120,  86.95370, -92.42020,  -1.68112,   0.26459,   0.62570,  -1.96317,   0.51657,  -0.70993,   6.77214,   0.50899,  -1.57234, -90.99830,   5.44905, -94.59990, -50.56000,  17.25990,  -5.13503,  -0.77230,  -2.26271, -18.84710,  12.91220,   5.54727,  -8.57651,  89.12040,   6.85609, -97.66890, -51.70570,   7.97620,  -1.52136,   8.36587,  16.31650, -27.63420,   5.19907,   5.29061,   0.33291,-176.60700,  -5.42708,   3.34884,  -0.00444,   0.04686,  14.60540,  -2.46884,  -1.48568, -60.89360,   0.02506,  -0.03912, -17.27550, 175.09700,  13.71600,-177.17500,   0.01902,  -0.01954,  15.88200,  -0.64234,   6.87457, -61.28010,   0.20509,  -0.23746, -18.88140
   0.33333,   0.00000,   0.00000,  -0.00000,  90.58170,  -5.05119,   7.26797,  90.48280,  87.08550, -90.15690,  -1.93732,   0.02151,   0.65214,  -1.95087,   0.62452,  -0.72562,   7.13276,   0.58622,  -1.84871, -91.00000,   5.72091, -95.06650, -51.98370,  24.41670,  -7.46771,  -0.96231,  -2.52902, -20.83620,   9.62346,   5.53859,  -8.16992,  89.15410,   6.97673, -98.06720, -52.64560,  12.38670,  -5.39085,   8.82389,  14.91200, -31.10390,   5.63887,   5.33197,  -0.83869,-176.52100,  -6.97056,   4.27146,   0.00240,   0.01533,  13.67230,  -2.34361,  -0.06681, -60.66730,   0.00899,  -0.01391, -16.82630, 174.66800,  13.72740,-176.73200,   0.01544,  -0.00879,  15.71430,  -0.62679,   7.52263, -61.43600,   0.09665,  -0.10950, -17.64800
   0.36667,   0.00000,   0.00000,  -0.00000,  91.09740,  -5.08340,   7.29738,  88.52010,  87.21420, -88.28920,  -2.19585,  -0.16393,   0.45862,  -2.05422,   0.56778,  -0.77548,   7.52197,   0.47949,  -2.16487, -90.97820,   5.90653, -95.58230, -52.90310,  34.23350, -11.09560,  -0.96213,  -2.21682, -23.47610,   8.17505,   5.54637,  -8.53754,  89.23790,   6.84807, -98.63870, -55.01970,  17.24630,  -8.67948,   9.76991,  13.75520, -35.91570,   7.05022,   5.39152,  -2.65588,-176.86100,  -7.27667,   5.15381,   0.00916,  -0.02240,  12.18110,  -2.34112,   0.66639, -59.21690,   0.02720,  -0.04522, -17.40990, 173.93200,  14.18390,-175.78100,   0.01358,  -0.01184,  14.25460,  -0.73568,   8.13489, -60.88570,   0.03939,  -0.04413, -17.00890
   0.40000,   0.00000,   0.00000,  -0.00000,  91.55050,  -5.16874,   7.22998,  88.55330,  87.24890, -88.37490,  -2.26545,  -0.15448,   0.35385,  -2.52990,   0.43400,  -0.86638,   7.62828,   0.25172,  -2.48429, -90.91350,   5.97635, -96.29320, -52.37800,  44.87720, -16.65570,  -1.41656,  -2.82193, -26.66150,   7.63726,   5.55916,  -9.14678,  89.36840,   6.50750, -99.44450, -58.03530,  22.88080, -11.46210,   9.88914,  11.63540, -40.84740,   8.77107,   5.45513,  -4.80424,-177.25700,  -6.88228,   5.21616,   0.00891,  -0.02295,  11.77290,  -2.74957,   0.79764, -57.12020,   0.25193,   0.10090, -19.18330, 173.20000,  14.91350,-174.27000,   0.01240,  -0.02315,  11.48980,  -0.94848,   9.06854, -59.51020,   0.06187,  -0.06961, -17.25870
   0.43333,   0.00000,   0.00000,  -0.00000,  91.72880,  -5.36861,   6.63342,  89.21360,  87.43170, -88.96290,  -2.62956,  -0.09320,   0.49911,  -3.12243,   0.35079,  -0.87417,   7.67140,   0.18779,  -2.93834, -90.78710,   5.86167, -97.33820, -51.24230,  53.76200, -22.92140,  -2.60226,  -4.42892, -30.46940,   5.92365,   5.57314,  -9.85788,  89.53710,   5.86872,-100.48300, -59.72520,  32.05040, -14.84190,   8.64766,   8.93118, -44.41900,   9.42677,   5.49759,  -6.43943,-177.28300,  -6.85006,   4.66077,   0.00001,   0.01737,  11.59090,  -4.24248,   0.94361, -55.63140,   0.82876,   0.67409, -20.18440, 173.16800,  14.57180,-174.42100,   0.01048,  -0.01834,  10.43610,  -1.09068,   9.05902, -58.10500,   0.07385,  -0.09021, -17.57030
   0.46667,   0.00000,   0.00000,  -0.00000,  91.69820,  -5.85141,   5.64362,  90.13010,  87.68190, -89.74780,  -3.12969,  -0.02581,   0.76405,  -4.28972,   0.39711,  -0.62904,   8.21090,   0.44652,  -3.37192, -90.58900,   5.54593, -98.92720, -51.29370,  59.78270, -27.51250,  -4.54504,  -6.59368, -34.68480,   4.94470,   5.58955, -10.73790,  89.75980,   4.91689,-102.20200, -58.44480,  43.88390, -20.45990,   7.15638,   6.93040, -46.14350,   2.89726,   5.48592,  -5.94587,-177.57400,  -6.11554,   3.89402,   0.00120,   0.01261,  11.24190,  -3.86487,  -0.22353, -55.99370,   0.62576,   0.48850, -19.63740, 173.79900,  12.85260,-175.42100,   0.00801,  -0.00716,  10.12170,  -1.07764,   7.65748, -58.29430,  -0.03915,  -0.13016, -17.18050
   0.50000,   0.00000,   0.00000,  -0.00000,  90.86300,  -6.20358,   5.04068,  90.19830,  87.64340, -89.48350,  -3.05222,  -0.05113,   1.42840,  -6.53973,   0.46627,  -0.37239,   9.37273,   0.70637,  -3.19419, -90.31310,   4.28336,-100.82100, -54.18950,  62.95730, -29.01330, -12.13500, -15.45200, -38.88570,  -7.24055,   5.49929,  -3.55199,  90.00650,   3.92929,-105.09900, -58.22660,  53.02060, -24.75770,   7.73398,   7.36012, -46.67350,  -6.59638,   5.43351,  -3.94383,-177.17000,  -4.82521,   3.82961,   0.00233,   0.00506,  10.96710,  -2.48613,  -2.00894, -58.82860,  -0.11965,  -0.21786, -17.54380, 175.09500,  11.55910,-177.14200,  -0.00012,   0.04212,  12.35180,  -1.07193,   6.37051, -60.09600,  -0.01024,   0.00790, -16.57340
   0.53333,   0.00000,   0.00000,  -0.00000,  90.39000,  -5.97010,   6.94847,  90.06560,  86.65380, -89.19600,  -1.07264,  -0.05942,   1.73786,  -9.06683,   0.34110,  -0.24900,   9.40741,   0.78741,  -2.88495, -90.15470,   3.94935,-102.75200, -60.07000,  65.73580, -24.82770, -21.32670, -25.79120, -41.90210, -24.33670,   5.14297,   3.96185,  90.12610,   4.35783,-106.65800, -62.88540,  54.64940, -21.97400,  10.07320,  10.31170, -44.79260, -12.88070,   5.30614,  -0.11152,-176.64900,  -3.40755,   4.60207,  -0.01402,   0.08564,  14.00930,  -3.09853,  -2.94113, -61.84550,   0.00334,  -0.00514, -16.66950, 175.32600,  11.25220,-176.81000,  -0.00372,   0.06022,  16.19340,  -0.80842,   5.83786, -62.30890,  -0.00012,   0.00009, -16.57380
   0.56667,   0.00000,   0.00000,  -0.00000,  90.45360,  -3.78659,   7.68001,  82.16680,  85.96520, -81.21680,   0.23866,  -1.16188,   1.90115, -10.92720,   0.03237,  -0.53399,   7.42561,   0.94346,  -3.17233, -90.14950,   6.57661,-103.69600, -69.74970,  62.76630, -12.20970, -19.03780, -21.89620, -42.77780, -28.64720,   5.05732,   6.09150,  90.10950,   5.96415,-106.05500, -65.78150,  54.33510, -16.42600,   7.36042,   8.17741, -42.24280, -12.81520,   5.30770,  -0.04229,-176.71900,  -2.19619,   4.53765,  -0.01729,   0.09822,  14.96820,  -3.04035,  -2.04999, -62.07320,   0.00103,  -0.00157, -16.60570, 174.58200,  14.26230,-175.96500,  -0.00339,   0.06009,  16.82630,  -0.61547,   6.78303, -62.79870,   0.01886,  -0.02104, -16.78170
   0.60000,   0.00000,   0.00000,  -0.00000,  90.62090,  -2.55225,   6.45054,  79.84890,  86.02370, -79.05810,   0.07278,  -1.45431,   1.58155, -11.67370,   0.00110,  -0.42170,   4.79289,   0.26586,  -2.87498, -90.31570,   6.75823,-102.31900, -69.14640,  62.41750, -10.85280, -18.73850, -19.59550, -45.32730, -29.33780,   5.12213,   4.61497,  90.07790,   6.87855,-105.65000, -71.38000,  48.44300,  -8.59638,   7.69558,   7.92540, -44.42480, -11.64060,   5.38242,  -2.37384,-176.72700,  -2.79677,   3.46958,  -0.01397,   0.08766,  13.90810,  -2.82801,  -0.36136, -61.14580,  -0.00117,   0.00086, -16.57730, 174.49400,  16.24530,-176.83700,  -0.00102,   0.05166,  16.11020,  -0.52390,   7.38302, -62.33750,   0.02878,  -0.03217, -16.89130
   0.63333,   0.00000,   0.00000,  -0.00000,  90.68920,  -1.53953,   4.57910,  79.16630,  86.50160, -78.45390,  -0.88509,  -1.36860,   1.41363, -12.03100,  -0.49449,  -0.53777,   4.47045,  -0.13582,  -2.73866, -90.21680,   5.87418,-102.88500, -69.23520,  63.13350, -11.20480, -18.11190, -18.37470, -46.05720, -27.14140,   5.18632,   3.06363,  90.07300,   5.45419,-105.77100, -71.50760,  49.99240,  -8.61136,   9.09451,   8.70358, -46.60930,  -8.87416,   5.42865,  -3.87726,-176.86900,  -2.65677,   2.38268,  -0.00999,   0.07360,  11.78470,  -2.74234,   0.29230, -59.82220,   0.00381,  -0.00588, -16.68270, 174.90000,  17.37600,-177.86100,   0.00025,   0.04403,  14.32620,  -0.62020,   7.35132, -61.38510,   0.05490,  -0.06169, -17.18120
   0.66667,   0.00000,   0.00000,  -0.00000,  90.66970,  -0.87527,   3.04223,  78.61120,  86.80090, -77.95410,  -1.48603,  -1.31619,   1.29682, -12.86230,  -0.67150,  -0.58518,   5.27883,  -0.51704,  -2.77270, -90.11400,   5.12805,-103.72700, -69.53210,  63.15340, -11.38040, -16.12930, -16.23500, -45.96860, -20.92620,   5.22880,   2.14099,  90.13040,   4.47220,-106.67500, -69.57680,  51.90860, -11.29490,  12.23980,  10.98660, -48.70220,  -6.26345,   5.46300,  -5.09352,-176.99000,  -1.48568,   1.60051,  -0.00586,   0.05555,   9.71588,  -2.83246,  -0.32968, -58.57270,   0.00450,  -0.00693, -16.70160, 175.56800,  17.34510,-178.73300,   0.00174,   0.03719,  12.61050,  -0.74038,   6.48647, -60.41570,   0.06297,  -0.07087, -17.27100
   0.70000,   0.00000,   0.00000,  -0.00000,  90.60830,  -0.56041,   2.46457,  82.18390,  86.75840, -81.62990,  -1.33844,  -0.92547,   1.09690, -13.14840,  -0.97481,  -0.53807,   4.72609,  -1.01734,  -2.60274, -90.10140,   5.04698,-103.84700, -68.11510,  63.75270, -12.31920, -13.45640, -13.37150, -45.97570, -11.39840,   5.36932,  -1.91899,  90.14170,   4.26662,-106.90400, -67.50630,  52.93720, -13.75440,  13.70470,  11.77220, -50.08510,  -4.01536,   5.50015,  -6.53216,-176.87900,  -1.37246,   1.09449,  -0.00511,   0.05219,   9.28082,  -2.87737,  -0.16990, -58.21390,   0.00246,  -0.00378, -16.64520, 175.88800,  17.65490,-179.18300,  -0.00001,   0.04360,  12.16950,  -0.68318,   6.44591, -60.13380,   0.02394,  -0.02673, -16.83770
   0.73333,   0.00000,   0.00000,  -0.00000,  90.50050,  -0.32079,   2.02287,  86.31950,  86.62710, -85.84270,  -1.03195,  -0.46956,   0.94903, -13.40890,  -1.24696,  -0.46547,   4.06324,  -1.47054,  -2.34714, -90.11980,   5.25784,-103.69100, -67.34290,  63.55210, -12.58600, -11.87920, -11.73980, -45.95380,  -7.38344,   5.42808,  -3.87226,  90.13890,   4.39205,-106.81000, -67.27150,  52.73250, -14.11350,  12.98840,  10.92240, -50.60070,  -3.27620,   5.53460,  -7.99312,-176.72000,  -1.14764,   0.44776,  -0.00600,   0.05690,   9.46748,  -2.94369,  -0.13259, -58.20660,  -0.00345,   0.00274, -16.57700, 176.12900,  18.70860,-179.62400,  -0.00086,   0.04982,  12.08800,  -0.50999,   7.25257, -60.05090,  -0.01306,   0.00929, -16.57350
   0.76667,   0.00000,   0.00000,  -0.00000,  90.33240,   0.00373,   1.08939,  88.18830,  86.57170, -87.76370,  -0.91185,  -0.24887,   0.84680, -13.57740,  -1.48986,  -0.46986,   3.41482,  -1.91782,  -1.86592, -90.13730,   5.12358,-103.46200, -67.87760,  63.17920, -11.98680, -12.71900, -12.36890, -46.49790,  -7.86440,   5.43027,  -3.94208,  90.13240,   4.63294,-106.63700, -68.43330,  52.32990, -12.84970,  12.82510,  10.56370, -51.15840,  -2.70264,   5.54695,  -8.56289,-176.50300,  -0.82786,  -0.36409,  -0.00529,   0.05394,   8.82893,  -3.01316,  -0.11333, -57.70940,  -0.01144,   0.00918, -16.57590, 176.73100,  19.25270, 179.73700,   0.00048,   0.04198,  11.18680,  -0.42416,   7.39860, -59.51050,  -0.04166,   0.02954, -16.57280
   0.80000,   0.00000,   0.00000,  -0.00000,  90.20590,   0.68199,  -0.26815,  86.95640,  86.54610, -86.58910,  -0.86662,  -0.39435,   0.73135, -13.52790,  -1.77530,  -0.56903,   2.98590,  -2.35539,  -1.40939, -90.14640,   4.96074,-103.30900, -68.75130,  63.35050, -11.14580, -14.04980, -13.38580, -47.22810,  -8.82704,   5.44236,  -4.37166,  90.10760,   4.80968,-106.28500, -69.79350,  52.05300, -11.28450,  12.18780,  10.06790, -51.01630,  -2.89656,   5.54652,  -8.54299,-176.31700,  -0.09503,  -1.03908,  -0.00196,   0.03162,   6.70121,  -3.09089,  -0.20151, -56.31330,  -0.01885,   0.01547, -16.57470, 177.57300,  19.35440, 179.00900,   0.00314,   0.02264,   9.29114,  -0.42664,   6.76833, -58.37120,  -0.06672,   0.04695, -16.57220
   0.83333,   0.00000,   0.00000,  -0.00000,  90.11110,   1.19882,  -2.05696,  85.23230,  86.46240, -84.92890,  -0.71369,  -0.61038,   0.60268, -13.36500,  -2.10410,  -0.57745,   3.56444,  -2.83886,  -1.09203, -90.14970,   4.82724,-103.22300, -69.44000,  63.57420, -10.62970, -13.98890, -13.26150, -47.36050,  -7.47005,   5.45933,  -5.02937,  90.09010,   4.82322,-106.07200, -71.06190,  51.40200,  -9.70576,  12.03880,   9.85804, -51.24530,  -3.13230,   5.54591,  -8.51350,-176.13600,   0.28419,  -1.18708,   0.00107,  -0.02013,   2.33802,  -3.19480,  -0.21597, -53.93870,  -0.02248,   0.03423, -15.96200, 178.62400,  18.69840, 178.04000,   0.00421,   0.00195,   6.38019,  -0.44070,   5.60113, -56.47560,  -0.08426,   0.05899, -16.57170
   0.86667,   0.00000,   0.00000,  -0.00000,  90.01490,   1.35898,  -4.13682,  84.91190,  86.17390, -84.65960,  -0.14232,  -0.69591,   0.50346, -12.33930,  -2.23521,  -0.59215,   4.63106,  -2.98863,  -0.62969, -90.16950,   4.76941,-102.96600, -69.00450,  63.70560, -11.01850, -14.30380, -13.28690, -47.96860,  -8.54995,   5.46129,  -4.95777,  90.06130,   4.78243,-105.73800, -71.78750,  50.67340,  -8.63296,  12.64070,   9.95913, -52.36500,  -2.52710,   5.54128,  -8.30278,-175.93100,   0.49128,  -2.93495,   0.00003,  -0.03590,   0.08146,  -3.52814,  -0.48326, -52.02100,  -0.02477,   0.03768, -15.89980, 179.73500,  17.87760, 176.90800,   0.00570,  -0.01222,   2.60380,  -0.39965,   4.59987, -53.62010,  -0.09626,   0.05896, -16.80610
   0.90000,   0.00000,   0.00000,  -0.00000,  89.86490,   1.25364,  -7.02009,  85.68130,  85.75910, -85.41740,   0.69332,  -0.65478,   0.53136, -10.45860,  -2.19999,  -0.57205,   6.16471,  -2.89817,  -0.39027, -90.21640,   4.81544,-102.42200, -67.65190,  63.67260, -12.12510, -13.42590, -12.20150, -48.48330,  -8.22416,   5.41376,  -3.42698,  90.01510,   4.77080,-105.18100, -71.81150,  50.15170,  -8.31990,  13.68310,  10.25390, -53.82880,  -1.57968,   5.53136,  -7.85667,-175.71100,   0.50253,  -7.01656,   0.00005,  -0.03049,   0.15296,  -3.61292,  -0.86318, -50.96890,  -0.02735,   0.04154, -15.83000,-178.93700,  17.18410, 173.90200,  -0.00999,  -0.01619,   0.00590,  -0.84918,   4.07437, -50.42590,   0.20492,   0.46342, -16.58070
   0.93333,   0.00000,   0.00000,  -0.00000,  89.71900,   1.09324, -11.00440,  86.39260,  85.16150, -86.08050,   1.89367,  -0.62450,   0.63398,  -8.01057,  -2.08447,  -0.60214,   7.41743,  -2.75252,  -0.10044, -90.27980,   4.88361,-101.71800, -65.99730,  63.27820, -13.42890, -11.83750, -10.41300, -49.22800,  -5.13893,   5.41884,  -3.55965,  89.95520,   4.83569,-104.46900, -71.37620,  49.46600,  -8.59312,  14.93750,  10.64440, -55.30350,  -1.09895,   5.52676,  -7.65375,-175.48300,   0.34502, -12.58950,  -0.00003,  -0.03214,   0.05379,  -3.66037,  -1.28374, -49.27800,  -0.02521,   0.03834, -15.88790,-177.02100,  17.05060, 167.93100,  -0.00300,  -0.01980,   0.05568,  -0.56750,   4.33011, -48.92530,  -0.10646,   0.11597, -15.41580
   0.96667,   0.00000,   0.00000,  -0.00000,  89.56430,   0.91588, -15.85430,  87.31240,  84.37810, -86.93030,   3.46750,  -0.54091,   0.77980,  -5.25535,  -1.96547,  -0.54853,   8.60903,  -2.55691,   0.09066, -90.37000,   5.12082,-100.86200, -64.46970,  62.76230, -14.53550, -11.15750,  -9.42764, -50.29220,  -3.95529,   5.40757,  -3.19287,  89.88200,   4.97155,-103.63800, -70.90820,  48.80210,  -8.81478,  16.08830,  10.85680, -56.85420,  -0.62948,   5.52160,  -7.43066,-175.19600,   0.29730, -19.43910,   0.00004,  -0.03697,   0.07654,  -3.56504,  -1.98006, -47.31830,  -0.02633,   0.04003, -15.85740,-174.69900,  16.96350, 160.75700,  -0.01867,  -0.02167,   0.00654,  -0.26311,   4.93533, -47.00280,  -0.10667,   0.11620, -15.41360
   1.00000,   0.00000,   0.00000,  -0.00000,  89.45990,   0.61032, -21.61890,  88.36410,  83.57910, -87.93890,   5.07209,  -0.37584,   0.86606,  -2.43750,  -1.73269,  -0.43121,  10.14730,  -2.22819,   0.14585, -90.49800,   5.44075, -99.76300, -62.80150,  62.22730, -15.48250, -10.03320,  -7.95543, -51.96750,  -2.30047,   5.38948,  -2.60008,  89.79000,   5.22842,-102.69800, -70.70450,  47.96670,  -8.47569,  17.80820,  11.00370, -59.28070,  -0.05600,   5.51584,  -7.18555,-175.13200,  -0.35138, -27.31910,  -0.00011,  -0.04540,  -0.00116,  -3.49146,  -2.24317, -45.01770,  -0.02299,   0.03498, -15.94850,-171.94300,  16.65960, 152.35300,  -0.00627,  -0.02427,  -0.00682,   0.09874,   5.89800, -44.84120,  -0.09889,   0.10788, -15.49740
   1.03333,   0.00000,   0.00000,  -0.00000,  89.39210,   0.58834, -27.79620,  89.01250,  82.93960, -88.45370,   6.35424,  -0.24953,   1.13013,   0.81111,  -1.53109,  -0.10555,  12.54460,  -1.77338,  -0.15073, -90.67060,   6.10238, -98.71820, -61.92570,  61.31470, -15.46040,  -7.58802,  -5.50387, -54.25100,   0.64272,   5.36056,  -1.69574,  89.66600,   5.78662,-101.69200, -70.84790,  46.43460,  -6.83429,  20.10150,  10.76090, -62.97050,   0.34456,   5.50788,  -6.85296,-174.92200,  -0.65390, -35.57640,   0.00023,  -0.03659,   0.14560,  -3.56781,  -2.68090, -43.17920,  -0.02110,   0.03214, -15.99980,-168.97300,  16.22280, 143.70400,   0.00316,  -0.02458,   0.03489,   0.13984,   6.88216, -43.03570,  -0.09686,   0.10571, -15.51920
   1.06667,   0.00000,   0.00000,  -0.00000,  89.21870,   0.59252, -33.50920,  89.49650,  82.39200, -88.79220,   7.45058,  -0.13516,   1.41598,   3.98763,  -1.61059,  -0.09057,  14.89310,  -1.60024,   0.33781, -90.82780,   6.58441, -97.81870, -62.09060,  59.77210, -14.73610,  -5.14890,  -3.44399, -56.31200,   2.12300,   5.34979,  -1.37115,  89.52810,   6.39886,-100.77400, -71.02640,  44.75640,  -5.20681,  21.79730,  10.13220, -66.25550,   0.59063,   5.49909,  -6.49609,-174.18100,  -0.61497, -42.88350,  -0.00082,  -0.00619,   0.12746,  -3.83820,  -3.70116, -41.87620,  -0.02114,   0.03223, -15.99820,-166.63000,  14.92890, 136.17300,   0.00258,  -0.02203,   0.02547,   0.18087,   7.20588, -41.56480,  -0.08566,   0.09368, -15.64010
   1.10000,   0.00000,   0.00000,  -0.00000,  89.02990,   0.23689, -38.62650,  89.84540,  81.85680, -89.12200,   8.52121,  -0.03894,   1.44843,   6.70190,  -1.57196,  -0.06152,  15.94960,  -1.73125,   0.68735, -90.94040,   6.70215, -96.99420, -60.91470,  58.86170, -15.83600,  -4.02793,  -2.52782, -57.93760,   4.08591,   5.36583,  -1.85354,  89.45170,   6.66315,-100.28400, -70.77200,  43.51840,  -4.78902,  24.44590,   9.92042, -69.24370,   1.40097,   5.48727,  -6.03469,-174.43000,  -1.56381, -49.23710,  -0.00211,   0.01374,   0.12585,  -3.81084,  -3.67514, -40.71720,  -0.02236,   0.03406, -15.96520,-164.91100,  13.25630, 129.71900,   0.00221,  -0.02631,  -0.01046,   0.53988,   7.56155, -40.27270,  -0.08428,   0.09220, -15.65500
   1.13333,   0.00000,   0.00000,  -0.00000,  88.85500,  -0.02402, -42.73660,  89.28230,  81.32240, -88.54400,   9.58976,  -0.20437,   1.49278,   8.75981,  -1.34759,   0.02846,  16.71850,  -1.46435,   0.50068, -90.99670,   6.76722, -96.60130, -59.29680,  58.67230, -17.04270,  -3.55922,  -2.07927, -59.75210,   6.57025,   5.35899,  -1.64813,  89.43380,   6.58203,-100.07200, -70.18100,  43.21780,  -5.21814,  26.56130,   9.64377, -71.47440,   2.23556,   5.47065,  -5.39724,-175.00500,  -2.44837, -54.27110,  -0.00199,   0.01050,   0.04045,  -3.83515,  -3.32956, -39.74220,  -0.02835,   0.04304, -15.80290,-163.58600,  11.92580, 124.57700,   0.00235,  -0.03281,   0.08461,   0.68832,   8.02735, -39.26840,  -0.08709,   0.09523, -15.62460
   1.16667,   0.00000,   0.00000,  -0.00000,  88.78770,  -0.13134, -45.70850,  88.70860,  80.83150, -87.94900,  10.56970,  -0.39185,   1.55457,  10.63600,  -1.16957,   0.05851,  16.75220,  -1.10604,   0.42611, -91.04860,   7.04490, -96.51210, -58.57280,  58.38520, -16.92860,  -2.34997,  -1.25862, -61.84380,   8.04471,   5.34060,  -1.08470,  89.40650,   6.67019, -99.90370, -69.98750,  42.76410,  -5.02332,  27.92310,   9.17956, -73.24850,   2.49038,   5.46460,  -5.17026,-174.95700,  -2.62148, -57.91700,  -0.00083,   0.01577,   0.14011,  -3.86035,  -3.63920, -39.22920,  -0.03220,   0.04880, -15.69900,-163.46300,  10.56000, 121.18500,   0.00215,  -0.03413,  -0.03917,   0.72081,   7.48678, -38.52350,  -0.08683,   0.09494, -15.62750
   1.20000,   0.00000,   0.00000,  -0.00000,  88.72690,  -0.22504, -47.89400,  88.64120,  80.40680, -87.86100,  11.41860,  -0.42650,   1.60251,  11.97010,  -1.10261,  -0.01526,  16.64630,  -0.86488,   0.45372, -91.07140,   7.00730, -96.28430, -57.91600,  58.22640, -17.36780,  -1.57256,  -0.80094, -63.02880,   8.06458,   5.38288,  -2.52542,  89.39470,   6.61280, -99.75790, -69.91710,  42.37150,  -4.89757,  29.27800,   8.68198, -74.93180,   2.78174,   5.45376,  -4.77629,-174.69600,  -2.59359, -60.49260,  -0.00105,   0.02489,   0.15060,  -3.75466,  -4.14115, -38.85060,  -0.03304,   0.05004, -15.67640,-163.28600,   9.66400, 118.62200,   0.00217,  -0.03655,   0.06927,   0.84946,   7.28323, -38.12420,  -0.08614,   0.09419, -15.63500
   1.23333,   0.00000,   0.00000,  -0.00000,  88.71700,  -0.28824, -49.64120,  89.04010,  80.15870, -88.22460,  11.91650,  -0.29741,   1.66168,  12.88750,  -0.96414,   0.02264,  16.08790,  -0.82128,   0.40680, -91.04790,   6.78500, -96.19980, -58.02300,  57.79030, -17.39600,  -1.11804,  -0.54701, -63.93340,   3.50192,   5.41463,  -3.41475,  89.37960,   6.58934, -99.60960, -69.89880,  42.15870,  -4.60755,  30.67490,   8.21690, -76.45360,   3.01511,   5.44246,  -4.37221,-174.97200,  -2.78505, -62.52900,  -0.02427,   0.02599,   0.13379,  -3.63340,  -4.05424, -38.54200,  -0.03608,   0.05455, -15.59470,-163.05100,   9.11724, 116.65200,   0.00227,  -0.03762,   0.01239,   0.86116,   7.32326, -37.78630,  -0.09117,   0.09962, -15.58050
   1.26667,   0.00000,   0.00000,  -0.00000,  88.74510,  -0.26156, -50.94600,  89.44040,  80.02180, -88.55040,  12.19130,  -0.15887,   1.79661,  13.35980,  -0.84950,  -0.05604,  15.34150,  -0.74942,   0.44735, -91.06300,   6.86516, -96.17690, -57.75470,  57.89850, -17.69450,  -1.26088,  -0.61246, -64.09670,   2.65372,   5.39068,  -2.63704,  89.36590,   6.67131, -99.55790, -69.78630,  42.09910,  -4.35729,  31.71780,   7.90992, -77.44780,   3.22381,   5.43205,  -4.00975,-174.89600,  -2.66270, -63.99530,   0.00338,   0.02982,   0.08836,  -3.52822,  -4.26856, -38.32190,  -0.03334,   0.05048, -15.66850,-163.06400,   8.70939, 115.21200,   0.00227,  -0.03726,  -0.01472,   0.78023,   7.11159, -37.59200,  -0.09202,   0.10051, -15.57150
   1.30000,   0.00000,   0.00000,  -0.00000,  88.76680,  -0.28760, -51.83840,  89.73110,  79.93370, -88.80840,  12.36750,  -0.05663,   1.85124,  13.59930,  -0.80855,  -0.21338,  14.73410,  -0.64356,   0.62015, -91.05830,   6.76974, -96.09360, -57.51390,  57.85570, -18.05440,  -0.96333,  -0.46582, -64.19530,   2.50868,   5.39475,  -2.76766,  89.37280,   6.65644, -99.60510, -69.63800,  42.13780,  -4.48600,  32.18040,   7.86316, -77.73490,   3.47303,   5.42847,  -3.88529,-174.66000,  -2.52853, -65.00400,  -0.00113,   0.03531,   0.10622,  -3.53108,  -4.66839, -38.30010,  -0.03207,   0.04860, -15.70250,-163.00300,   8.47600, 114.15900,   0.00224,  -0.03673,   0.09173,   0.63088,   7.05434, -37.55430,  -0.09516,   0.10389, -15.53750
   1.33333,   0.00000,   0.00000,  -0.00000,  88.87340,  -0.33440, -52.41650,  89.77720,  79.89860, -88.85220,  12.43760,  -0.04021,   1.85394,  13.70600,  -0.85018,  -0.20644,  14.30920,  -0.66518,   0.53977, -91.05180,   6.71602, -96.07790, -57.39120,  57.90100, -18.17800,  -0.60243,  -0.28903, -64.37090,   2.53012,   5.39209,  -2.68196,  89.37630,   6.62813, -99.61200, -69.45880,  42.36990,  -4.52971,  32.40440,   7.73083, -78.03500,   3.74951,   5.42448,  -3.75094,-174.66300,  -2.36606, -65.69310,  -0.01386,   0.03094,   0.15297,  -3.41123,  -4.84405, -38.25200,  -0.03240,   0.04909, -15.69350,-162.97000,   8.46686, 113.51200,   0.00221,  -0.03535,   0.01149,   0.41921,   7.12587, -37.47540,  -0.10525,   0.11468, -15.42890
   1.36667,   0.00000,   0.00000,  -0.00000,  88.96370,  -0.37285, -52.75080,  89.79070,  79.84760, -88.87310,  12.53960,  -0.03532,   1.83886,  13.73680,  -0.93414,  -0.25116,  13.60170,  -0.79824,   0.50182, -91.06330,   6.75720, -96.03590, -57.13540,  57.94450, -18.27540,  -0.32179,  -0.15206, -64.70970,   2.46295,   5.38923,  -2.59018,  89.36880,   6.63961, -99.55720, -69.35350,  42.44390,  -4.51189,  32.66280,   7.57793, -78.37660,   3.84513,   5.42204,  -3.66749,-174.95100,  -2.31715, -66.08420,  -0.00142,   0.02165,   0.11453,  -3.32022,  -4.65196, -38.14460,  -0.03426,   0.05184, -15.64380,-162.86800,   8.56505, 113.05200,   0.00235,  -0.03430,   0.03978,   0.13650,   7.25029, -37.46390,  -0.11814,   0.12842, -15.29030
   1.40000,   0.00000,   0.00000,  -0.00000,  88.96010,  -0.46086, -52.92450,  89.87370,  79.84390, -88.98030,  12.54690,  -0.00716,   1.78755,  13.72510,  -1.06514,  -0.27446,  13.33040,  -0.99917,   0.34397, -91.07750,   6.78689, -95.95690, -57.14870,  57.95050, -18.24800,  -0.21624,  -0.10169, -64.81310,   2.18243,   5.39307,  -2.71336,  89.34940,   6.70528, -99.44510, -69.31480,  42.48550,  -4.46541,  32.63410,   7.50723, -78.46920,   3.83169,   5.42058,  -3.61878,-175.01600,  -2.34690, -66.27660,  -0.00803,   0.01935,   0.11293,  -3.38560,  -4.69565, -38.17190,  -0.03564,   0.05391, -15.60630,-163.12900,   8.40036, 112.88400,   0.00244,  -0.03387,   0.03998,   0.10947,   7.04945, -37.45900,  -0.12650,   0.13729, -15.20060
   1.43333,   0.00000,   0.00000,  -0.00000,  88.94090,  -0.46214, -52.92490,  89.80450,  79.83420, -88.92270,  12.56630,  -0.03184,   1.76688,  13.82320,  -1.20166,  -0.38871,  13.09010,  -1.32325,   0.27472, -91.08010,   6.76686, -95.90980, -57.05590,  57.90850, -18.38970,  -0.06351,  -0.02990, -64.78080,   2.06778,   5.39614,  -2.81239,  89.34340,   6.71751, -99.40420, -69.25130,  42.49270,  -4.56388,  32.62180,   7.53905, -78.41660,   3.84228,   5.42038,  -3.61151,-174.82300,  -2.21863, -66.25470,  -0.00295,   0.02081,   0.10181,  -3.44406,  -4.90664, -38.29000,  -0.03522,   0.05329, -15.61770,-163.38100,   8.32852, 112.85600,   0.00255,  -0.03349,   0.13984,   0.10588,   6.79967, -37.55360,  -0.12492,   0.13562, -15.21750
   1.46667,   0.00000,   0.00000,  -0.00000,  88.90780,  -0.43014, -52.83420,  89.74540,  79.83770, -88.89060,  12.55940,  -0.05379,   1.71530,  13.85260,  -1.35674,  -0.48349,  13.08440,  -1.54853,   0.23520, -91.08630,   6.77697, -95.87160, -56.87150,  57.94770, -18.52700,   0.15227,   0.07178, -64.76490,   2.11060,   5.39644,  -2.82198,  89.33690,   6.75585, -99.38070, -69.17570,  42.58700,  -4.59400,  32.67420,   7.53087, -78.45140,   3.88948,   5.41811,  -3.53478,-174.72100,  -2.14773, -66.13920,  -0.00610,   0.01930,   0.08871,  -3.50396,  -4.99645, -38.42730,  -0.03076,   0.04665, -15.73770,-163.82300,   8.20598, 113.07300,   0.00255,  -0.03194,   0.02956,   0.00720,   6.36749, -37.56780,  -0.12642,   0.13720, -15.20140
   1.50000,   0.00000,   0.00000,  -0.00000,  88.86940,  -0.35603, -52.67460,  89.68820,  79.83520, -88.83190,  12.56440,  -0.07381,   1.72061,  13.83730,  -1.36704,  -0.53843,  13.15580,  -1.67199,  -0.04611, -91.09800,   6.86185, -95.88650, -56.91130,  57.88710, -18.40930,   0.37672,   0.17685, -64.85410,   2.01992,   5.39547,  -2.79110,  89.33210,   6.75955, -99.34350, -69.04300,  42.70270,  -4.66789,  32.50050,   7.50441, -78.41560,   3.87809,   5.41625,  -3.47252,-174.49600,  -2.04328, -65.99770,  -0.00298,   0.02058,   0.16378,  -3.60740,  -5.19929, -38.56280,  -0.02662,   0.04046, -15.84970,-164.28200,   8.07217, 113.30200,   0.00266,  -0.03033,   0.08033,  -0.16135,   5.83630, -37.70020,  -0.13193,   0.14305, -15.14240
   1.53333,   0.00000,   0.00000,  -0.00000,  88.80360,  -0.20737, -52.53220,  89.66170,  79.82470, -88.79200,  12.58550,  -0.08254,   1.74831,  13.77710,  -1.31783,  -0.65808,  13.01230,  -1.60814,  -0.16034, -91.11110,   6.89739, -95.82580, -56.88400,  57.85410, -18.40950,   0.54683,   0.25646, -64.87390,   1.89552,   5.39587,  -2.80378,  89.32400,   6.79099, -99.30130, -68.96400,  42.73610,  -4.73566,  32.49980,   7.49856, -78.42400,   3.82405,   5.41512,  -3.43575,-174.28900,  -1.98818, -65.81350,   0.00127,   0.02237,   0.13791,  -3.74368,  -5.23565, -38.69490,  -0.02710,   0.04116, -15.83690,-164.64200,   7.94163, 113.54600,   0.00270,  -0.02928,   0.06250,  -0.24869,   5.28813, -37.79130,  -0.14602,   0.15790, -14.99170
   1.56667,   0.00000,   0.00000,  -0.00000,  88.79410,  -0.02417, -52.39260,  89.65440,  79.82010, -88.77130,  12.59450,  -0.08451,   1.77533,  13.57520,  -1.29811,  -0.73353,  13.08060,  -1.55427,  -0.17309, -91.10790,   6.90254, -95.85880, -57.02890,  57.78270, -18.26210,   0.75957,   0.35569, -64.90680,   1.79056,   5.39473,  -2.76669,  89.31880,   6.82955, -99.29040, -68.99670,  42.70090,  -4.65620,  32.50810,   7.51084, -78.40920,   3.87134,   5.41666,  -3.48656,-174.25600,  -1.94396, -65.70960,  -0.01287,   0.02200,   0.20796,  -3.77005,  -5.08765, -38.77470,  -0.02495,   0.03795, -15.89490,-164.57600,   8.06137, 113.74500,   0.00268,  -0.02917,  -0.01658,  -0.31357,   5.21875, -37.79810,  -0.14816,   0.16014, -14.96900
   1.60000,   0.00000,   0.00000,  -0.00000,  88.77790,   0.12304, -52.32320,  89.66730,  79.83160, -88.79010,  12.57160,  -0.08024,   1.76320,  13.54040,  -1.36187,  -0.77270,  12.91440,  -1.52753,  -0.13851, -91.09400,   6.83970, -95.89030, -57.17720,  57.70000, -18.18440,   0.89717,   0.42104, -64.86150,   1.61710,   5.39546,  -2.79068,  89.31980,   6.79910, -99.27310, -69.00550,  42.72620,  -4.74083,  32.36840,   7.54650, -78.29490,   3.80735,   5.41728,  -3.50752,-174.30700,  -1.97836, -65.57320,  -0.00872,   0.01796,   0.09123,  -3.78042,  -4.87094, -38.72470,  -0.02478,   0.03770, -15.89950,-164.53900,   8.07615, 113.80800,   0.00271,  -0.02915,   0.07020,  -0.19674,   5.11811, -37.90760,  -0.15099,   0.16313, -14.93860
   1.63333,   0.00000,   0.00000,  -0.00000,  88.73460,   0.22689, -52.31810,  89.71400,  79.85750, -88.84700,  12.51980,  -0.06442,   1.74087,  13.55470,  -1.40283,  -0.79733,  12.84700,  -1.63031,  -0.13418, -91.09230,   6.83759, -95.90130, -57.27280,  57.63810, -18.11530,   1.01167,   0.47532, -64.83460,   1.44186,   5.39684,  -2.83504,  89.31440,   6.83008, -99.25330, -68.95700,  42.73390,  -4.79224,  32.25810,   7.55071, -78.23990,   3.68667,   5.41664,  -3.48591,-174.18000,  -1.93815, -65.56890,  -0.00694,   0.01878,   0.14011,  -3.76170,  -4.89822, -38.77610,  -0.02548,   0.03875, -15.88060,-164.46800,   8.09379, 113.84000,   0.00274,  -0.02969,   0.08119,  -0.14228,   5.11289, -37.88970,  -0.14897,   0.16100, -14.96030
   1.66667,   0.00000,   0.00000,  -0.00000,  88.69100,   0.29104, -52.31920,  89.67730,  79.86440, -88.81180,  12.50610,  -0.07739,   1.73918,  13.56840,  -1.45272,  -0.85173,  12.82150,  -1.72074,  -0.26842, -91.10280,   6.88348, -95.87560, -57.26600,  57.58620, -18.07730,   1.13863,   0.53394, -64.87940,   1.38034,   5.39707,  -2.84248,  89.31490,   6.78760, -99.22260, -68.89100,  42.84030,  -4.92995,  32.21470,   7.60573, -78.13790,   3.79208,   5.41729,  -3.50774,-174.06200,  -1.91603, -65.51850,  -0.00760,   0.01998,   0.10187,  -3.79157,  -4.94297, -38.80880,  -0.02503,   0.03805, -15.89310,-164.47500,   8.06963, 113.90800,   0.00273,  -0.02987,   0.03347,  -0.13076,   5.02943, -37.88140,  -0.14741,   0.15936, -14.97690
   1.70000,   0.00000,   0.00000,  -0.00000,  88.67600,   0.32208, -52.36080,  89.57650,  79.87120, -88.71470,  12.49250,  -0.11286,   1.73575,  13.56960,  -1.51407,  -0.89430,  12.78010,  -1.70921,  -0.38399, -91.10680,   6.89479, -95.85770, -57.28190,  57.56430, -18.03080,   1.31287,   0.61426, -64.92950,   1.39780,   5.39602,  -2.80883,  89.32580,   6.70228, -99.24220, -68.90740,  42.90780,  -5.01467,  32.10990,   7.63478, -78.04700,   3.86753,   5.41871,  -3.55524,-174.17200,  -1.95593, -65.53020,  -0.00234,   0.01912,   0.08907,  -3.70929,  -4.78530, -38.79740,  -0.02486,   0.03781, -15.89750,-164.59300,   8.00734, 113.88100,   0.00279,  -0.02986,   0.10200,  -0.08221,   4.89441, -37.92360,  -0.14893,   0.16097, -14.96060
   1.73333,   0.00000,   0.00000,  -0.00000,  88.68720,   0.33328, -52.42100,  89.57010,  79.86650, -88.72290,  12.50190,  -0.11571,   1.70682,  13.58190,  -1.47465,  -0.79429,  12.75830,  -1.81613,  -0.42006, -91.10510,   6.89926, -95.87750, -57.28800,  57.50190, -18.03630,   1.39862,   0.65369, -64.95430,   1.27622,   5.39600,  -2.80768,  89.32320,   6.70972, -99.22680, -68.87030,  42.89320,  -5.06149,  32.14910,   7.65651, -78.03190,   3.88868,   5.41989,  -3.59397,-174.21500,  -1.94796, -65.57930,  -0.00697,   0.01851,   0.10480,  -3.63530,  -4.72406, -38.79370,  -0.02574,   0.03913, -15.87360,-164.59800,   8.00948, 113.84900,   0.00277,  -0.03018,   0.09828,   0.02939,   4.89583, -37.94140,  -0.14718,   0.15912, -14.97940
   1.76666,   0.00000,   0.00000,  -0.00000,  88.66600,   0.29207, -52.49920,  89.62920,  79.85650, -88.79280,  12.52180,  -0.09542,   1.68296,  13.59920,  -1.46337,  -0.79555,  12.72990,  -1.77972,  -0.40444, -91.10710,   6.90496, -95.86820, -57.22260,  57.46330, -18.07760,   1.51151,   0.70492, -65.00280,   1.24046,   5.39564,  -2.79598,  89.32550,   6.68817, -99.22770, -68.89090,  42.86970,  -5.11470,  32.18450,   7.68700, -78.00190,   3.90785,   5.42131,  -3.64190,-174.27600,  -2.01447, -65.60440,  -0.00449,   0.01978,   0.07756,  -3.63271,  -4.68890, -38.82280,  -0.02825,   0.04289, -15.80580,-164.59800,   7.94910, 113.82400,   0.00273,  -0.03025,   0.06628,   0.12074,   4.90640, -37.92340,  -0.14686,   0.15878, -14.98280
   1.80000,   0.00000,   0.00000,  -0.00000,  88.71200,   0.27907, -52.54420,  89.61370,  79.82640, -88.76050,  12.58200,  -0.10010,   1.71742,  13.62200,  -1.47019,  -0.77784,  12.71600,  -1.80037,  -0.48957, -91.10780,   6.91869, -95.88100, -57.18970,  57.45180, -18.11730,   1.66706,   0.77573, -65.05390,   1.27333,   5.39562,  -2.79553,  89.32830,   6.65748, -99.22600, -68.82180,  42.90710,  -5.14982,  32.13530,   7.62299, -78.07630,   3.84772,   5.41837,  -3.54455,-174.26500,  -1.91519, -65.64470,  -0.01262,   0.02008,   0.11149,  -3.55266,  -4.76664, -38.81540,  -0.02699,   0.04102, -15.83960,-164.51300,   8.07243, 113.82100,   0.00268,  -0.03036,  -0.02996,   0.10427,   5.05759, -37.89580,  -0.14483,   0.15665, -15.00440
   1.83333,   0.00000,   0.00000,  -0.00000,  88.75560,   0.21818, -52.66110,  89.57730,  79.81510, -88.71940,  12.60450,  -0.11269,   1.72813,  13.57300,  -1.53912,  -0.79904,  12.86140,  -1.79126,  -0.50909, -91.11990,   6.97209, -95.85160, -57.10190,  57.43110, -18.14020,   1.78822,   0.82831, -65.15470,   1.22511,   5.39515,  -2.78046,  89.32280,   6.69871, -99.21380, -68.72110,  42.91120,  -5.19477,  32.14040,   7.58331, -78.13840,   3.84857,   5.41939,  -3.57846,-174.46700,  -1.94533, -65.71470,  -0.01112,   0.01748,   0.06380,  -3.49746,  -4.63973, -38.77530,  -0.02819,   0.04280, -15.80730,-164.26300,   8.20833, 113.66200,   0.00268,  -0.03082,   0.00169,   0.09209,   5.38952, -37.91740,  -0.14705,   0.15897, -14.98090
   1.86666,   0.00000,   0.00000,  -0.00000,  88.79750,   0.14789, -52.75970,  89.54890,  79.79680, -88.68580,  12.64120,  -0.12245,   1.73975,  13.53230,  -1.55319,  -0.79778,  12.98740,  -1.80282,  -0.51316, -91.13740,   7.05766, -95.82130, -57.13020,  57.36600, -18.03160,   1.89313,   0.87241, -65.26660,   1.12543,   5.39497,  -2.77486,  89.31540,   6.75551, -99.19970, -68.72270,  42.82470,  -5.13757,  32.19670,   7.54449, -78.22220,   3.76812,   5.41950,  -3.58219,-174.48300,  -1.89162, -65.81780,  -0.01420,   0.01808,   0.12936,  -3.42364,  -4.70517, -38.82220,  -0.02991,   0.04538, -15.76080,-164.18300,   8.28126, 113.51500,   0.00269,  -0.03092,   0.08139,   0.07058,   5.57528, -37.94050,  -0.14602,   0.15789, -14.99180
   1.90000,   0.00000,   0.00000,  -0.00000,  88.82730,   0.05951, -52.84510,  89.60080,  79.78650, -88.73850,  12.66210,  -0.10420,   1.73597,  13.47230,  -1.49890,  -0.62454,  13.19340,  -1.97833,  -0.66146, -91.13390,   7.08868, -95.88830, -57.22320,  57.31230, -17.89260,   2.02475,   0.92876, -65.36890,   1.14302,   5.39426,  -2.75176,  89.30520,   6.80763, -99.15840, -68.68420,  42.83920,  -5.07302,  32.28600,   7.51317, -78.30870,   3.90161,   5.42042,  -3.61344,-174.48000,  -1.83313, -65.87450,  -0.00984,   0.01874,   0.14289,  -3.38922,  -4.82926, -38.83950,  -0.02878,   0.04368, -15.79150,-164.11500,   8.33313, 113.43000,   0.00267,  -0.03113,   0.06573,   0.07395,   5.71963, -37.92080,  -0.14500,   0.15684, -15.00260
   1.93333,   0.00000,   0.00000,  -0.00000,  88.86830,  -0.03799, -52.93770,  89.46250,  79.77560, -88.59890,  12.68370,  -0.15302,   1.74404,  13.42200,  -1.49536,  -0.65077,  13.24520,  -1.95522,  -0.65507, -91.13800,   7.10828, -95.88120, -57.18650,  57.27000, -17.89340,   2.18163,   0.99692, -65.45220,   1.20077,   5.39376,  -2.73595,  89.30310,   6.83069, -99.16110, -68.60390,  42.85120,  -5.11777,  32.17840,   7.47602, -78.31740,   3.81116,   5.42067,  -3.62119,-174.55300,  -1.79927, -65.92870,  -0.01081,   0.01772,   0.11463,  -3.27518,  -4.86211, -38.83780,  -0.03163,   0.04793, -15.71450,-164.14900,   8.35671, 113.35800,   0.00263,  -0.03095,   0.02406,   0.06126,   5.80373, -37.91480,  -0.14509,   0.15692, -15.00160
   1.96666,   0.00000,   0.00000,  -0.00000,  88.90260,  -0.12805, -53.04470,  89.38290,  79.78000, -88.51100,  12.67510,  -0.18074,   1.76374,  13.31030,  -1.45669,  -0.68098,  13.44380,  -1.88891,  -0.64311, -91.12570,   7.08913, -95.95380, -57.36610,  57.17500, -17.74140,   2.34549,   1.07182, -65.45440,   1.18543,   5.39458,  -2.76133,  89.30340,   6.84240, -99.17250, -68.57510,  42.85390,  -5.12010,  32.24590,   7.47207, -78.35310,   3.79275,   5.42068,  -3.62176,-174.65500,  -1.76384, -65.96940,  -0.00720,   0.01502,   0.00907,  -3.12938,  -4.86426, -38.76200,  -0.03370,   0.05103, -15.65840,-164.14200,   8.39396, 113.24800,   0.00262,  -0.03107,   0.00167,   0.02908,   5.92395, -37.86060,  -0.14510,   0.15693, -15.00160
   2.00000,   0.00000,   0.00000,  -0.00000,  88.93130,  -0.19382, -53.08050,  89.33200,  79.75930, -88.45310,  12.71620,  -0.19862,   1.77970,  13.28270,  -1.43888,  -0.63565,  13.45620,  -1.82453,  -0.65746, -91.13330,   7.13196, -95.94710, -57.23600,  57.17660, -17.82260,   2.42360,   1.10532, -65.49850,   1.18857,   5.39358,  -2.72965,  89.30230,   6.86026, -99.17880, -68.56630,  42.82300,  -5.11478,  32.19470,   7.43001, -78.39410,   3.75244,   5.41905,  -3.56717,-174.66700,  -1.71329, -66.02460,  -0.00083,   0.01646,   0.08125,  -3.13014,  -4.95201, -38.80110,  -0.03335,   0.05050, -15.66800,-164.16900,   8.40925, 113.16800,   0.00264,  -0.03137,   0.06607,   0.08074,   5.95655, -37.87560,  -0.14392,   0.15570, -15.01420
   2.03333,   0.00000,   0.00000,  -0.00000,  88.93130,  -0.28369, -53.10920,  89.36240,  79.74320, -88.49150,  12.74850,  -0.18829,   1.76265,  13.24990,  -1.41414,  -0.63609,  13.43000,  -1.74040,  -0.59264, -91.12880,   7.10066, -95.94390, -57.36900,  57.11390, -17.72310,   2.53373,   1.15351, -65.53790,   1.08209,   5.39199,  -2.67855,  89.30480,   6.83419, -99.17790, -68.59360,  42.80270,  -5.12913,  32.21250,   7.43465, -78.39490,   3.64130,   5.41963,  -3.58670,-174.81200,  -1.81459, -66.08550,  -0.01399,   0.01673,   0.13275,  -3.13448,  -4.84301, -38.81200,  -0.03322,   0.05029, -15.67170,-164.25400,   8.34364, 113.13000,   0.00266,  -0.03161,   0.08715,   0.10620,   5.95725, -37.84910,  -0.14312,   0.15484, -15.02280
   2.06666,   0.00000,   0.00000,  -0.00000,  88.93300,  -0.31325, -53.16180,  89.40790,  79.74110, -88.53130,  12.75290,  -0.17191,   1.77228,  13.20280,  -1.43309,  -0.65772,  13.42520,  -1.76543,  -0.51001, -91.13090,   7.10562, -95.93330, -57.38280,  57.07370, -17.70160,   2.57760,   1.16956, -65.61000,   1.02275,   5.39214,  -2.68344,  89.30300,   6.84078, -99.16880, -68.56920,  42.82530,  -5.14091,  32.23590,   7.42152, -78.42500,   3.67258,   5.42030,  -3.60931,-174.95500,  -1.85770, -66.10230,   0.00040,   0.01569,   0.06014,  -3.13660,  -4.73955, -38.78490,  -0.03477,   0.05260, -15.63000,-164.32400,   8.29766, 113.09800,   0.00263,  -0.03153,   0.04195,   0.12077,   5.90522, -37.81340,  -0.14254,   0.15424, -15.02890
   2.10000,   0.00000,   0.00000,  -0.00000,  88.96510,  -0.28647, -53.17310,  89.34210,  79.71470, -88.45240,  12.80540,  -0.19486,   1.80106,  13.22620,  -1.47785,  -0.70486,  13.21010,  -1.79276,  -0.41476, -91.13000,   7.09370, -95.92520, -57.34820,  57.05260, -17.74790,   2.65902,   1.20464, -65.64550,   1.03819,   5.39299,  -2.71100,  89.29980,   6.86293, -99.15990, -68.52190,  42.81760,  -5.18285,  32.25460,   7.38850, -78.48300,   3.66680,   5.41654,  -3.48243,-174.92600,  -1.77854, -66.15130,   0.00270,   0.01540,   0.07238,  -3.08130,  -4.76747, -38.73970,  -0.03454,   0.05227, -15.63610,-164.34200,   8.33775, 113.10500,   0.00255,  -0.03135,  -0.05892,   0.11868,   5.89647, -37.74490,  -0.14190,   0.15356, -15.03580
   2.13333,   0.00000,   0.00000,  -0.00000,  88.95150,  -0.27257, -53.19240,  89.36110,  79.71320, -88.46110,  12.80860,  -0.18763,   1.82111,  13.22430,  -1.52897,  -0.72805,  13.18870,  -1.87499,  -0.41202, -91.12190,   7.07836, -95.97000, -57.55950,  56.93470, -17.56330,   2.71118,   1.22465, -65.70870,   0.90367,   5.39314,  -2.71562,  89.29930,   6.86669, -99.15920, -68.57530,  42.75070,  -5.14386,  32.42830,   7.41417, -78.51940,   3.61608,   5.41809,  -3.53490,-174.93700,  -1.81740, -66.20640,  -0.00694,   0.01535,   0.05734,  -3.07090,  -4.74539, -38.70440,  -0.03523,   0.05328, -15.61750,-164.41800,   8.27085, 113.03100,   0.00258,  -0.03124,   0.01495,   0.09638,   5.77929, -37.73550,  -0.13840,   0.14989, -15.07310
   2.16666,   0.00000,   0.00000,  -0.00000,  88.91860,  -0.24193, -53.19530,  89.36470,  79.70440, -88.45360,  12.82600,  -0.18591,   1.84314,  13.31660,  -1.56171,  -0.76006,  12.92040,  -1.93672,  -0.37774, -91.12670,   7.08992, -95.94720, -57.62770,  56.86030, -17.51840,   2.76446,   1.24837, -65.71560,   0.90065,   5.39475,  -2.76779,  89.29410,   6.87401, -99.12280, -68.52660,  42.74290,  -5.22656,  32.38170,   7.40127, -78.51870,   3.54762,   5.41644,  -3.48017,-175.00100,  -1.88721, -66.24710,   0.00179,   0.01693,   0.05553,  -3.11876,  -4.64553, -38.65310,  -0.03361,   0.05088, -15.66110,-164.47400,   8.18760, 112.99800,   0.00257,  -0.03151,   0.03389,   0.17641,   5.64822, -37.70550,  -0.14476,   0.15657, -15.00530
   2.20000,   0.00000,   0.00000,  -0.00000,  88.88840,  -0.18599, -53.11270,  89.34470,  79.68120, -88.41370,  12.87260,  -0.19229,   1.88373,  13.41420,  -1.58721,  -0.78559,  12.60020,  -1.92397,  -0.40199, -91.12990,   7.12014, -95.95930, -57.61710,  56.77940, -17.50310,   2.83207,   1.27458, -65.78830,   0.88190,   5.39203,  -2.67984,  89.28690,   6.89355, -99.08010, -68.48630,  42.72350,  -5.25865,  32.32300,   7.34747, -78.57430,   3.48664,   5.41408,  -3.40078,-174.92500,  -1.90615, -66.18880,  -0.00267,   0.01736,   0.00278,  -3.15098,  -4.63196, -38.59090,  -0.03475,   0.05259, -15.63020,-164.42400,   8.18007, 113.02800,   0.00256,  -0.03172,   0.06617,   0.21524,   5.66037, -37.67560,  -0.14314,   0.15487, -15.02250
   2.23333,   0.00000,   0.00000,  -0.00000,  88.88420,  -0.17023, -52.93990,  89.30410,  79.69600, -88.37100,  12.84290,  -0.20659,   1.88924,  13.54420,  -1.58105,  -0.87027,  12.55590,  -1.87858,  -0.35351, -91.13010,   7.12313, -95.96080, -57.68340,  56.68220, -17.45920,   2.82536,   1.27177, -65.78460,   0.83225,   5.39375,  -2.73540,  89.28680,   6.90512, -99.08870, -68.48290,  42.67350,  -5.28620,  32.29320,   7.37646, -78.51780,   3.42652,   5.41514,  -3.43588,-175.10300,  -2.00685, -66.10340,  -0.00937,   0.01879,   0.07932,  -3.18614,  -4.44450, -38.58990,  -0.03677,   0.05558, -15.57610,-164.43300,   8.20841, 113.14900,   0.00252,  -0.03148,   0.09852,   0.18326,   5.66007, -37.64850,  -0.14079,   0.15239, -15.04770
   2.26666,   0.00000,   0.00000,  -0.00000,  88.84130,  -0.10494, -52.48710,  89.32450,  79.68930, -88.36190,  12.85640,  -0.19803,   1.94748,  13.89390,  -1.54532,  -0.95194,  12.24040,  -1.85120,  -0.31987, -91.11730,   7.11136, -96.04730, -57.70700,  56.51890, -17.52650,   2.85938,   1.29316, -65.68510,   0.87595,   5.39697,  -2.83886,  89.29390,   6.90445, -99.14680, -68.44740,  42.53190,  -5.36644,  32.09140,   7.37422, -78.43350,   3.27768,   5.41316,  -3.36985,-175.37700,  -2.16659, -65.68600,   0.00218,   0.01986,   0.09278,  -3.21828,  -4.01682, -38.53420,  -0.03531,   0.05340, -15.61540,-164.40100,   8.30685, 113.60600,   0.00240,  -0.03141,   0.05120,   0.19304,   5.69103, -37.58310,  -0.14040,   0.15198, -15.05170
   2.30000,   0.00000,   0.00000,  -0.00000,  88.83550,  -0.06840, -51.66440,  89.31160,  79.69840, -88.31340,  12.83830,  -0.20099,   2.01896,  14.26220,  -1.46711,  -0.97613,  11.78180,  -1.72033,  -0.46796, -91.11530,   7.15035, -96.11100, -57.61570,  56.37170, -17.67280,   2.93711,   1.33672, -65.54960,   0.91656,   5.39635,  -2.81915,  89.30430,   6.81630, -99.15840, -68.28160,  42.55630,  -5.67777,  31.84320,   7.44974, -78.20890,   3.31233,   5.41068,  -3.28746,-175.88300,  -2.39894, -64.86690,   0.00541,   0.01927,   0.11688,  -3.28549,  -3.40100, -38.57780,  -0.03813,   0.05760, -15.53940,-164.39800,   8.55524, 114.45000,   0.00223,  -0.03130,   0.00803,   0.24557,   5.77848, -37.57670,  -0.13887,   0.15037, -15.06820
   2.33333,   0.00000,   0.00000,  -0.00000,  88.87270,  -0.05903, -50.28160,  89.21260,  79.73340, -88.18290,  12.76850,  -0.23458,   2.08553,  14.17240,  -1.39088,  -1.09527,  11.64800,  -1.51901,  -0.57644, -91.11420,   7.21459, -96.19640, -57.70290,  56.16620, -17.59830,   2.98261,   1.36886, -65.36890,   0.89110,   5.39679,  -2.83305,  89.31420,   6.78822, -99.21670, -68.09020,  42.57790,  -5.95062,  31.45350,   7.54898, -77.87930,   3.26015,   5.40877,  -3.22491,-176.15400,  -2.48545, -63.40660,  -0.02117,   0.01713,   0.13399,  -3.34047,  -3.05863, -38.66760,  -0.03969,   0.05992, -15.49750,-164.51400,   9.03003, 115.88900,   0.00202,  -0.03065,   0.00788,   0.21772,   5.89949, -37.65060,  -0.13496,   0.14627, -15.10980
   2.36666,   0.00000,   0.00000,  -0.00000,  88.90570,  -0.14438, -48.35190,  89.20540,  79.84180, -88.15530,  12.55150,  -0.23532,   2.12584,  13.69820,  -1.24908,  -1.02734,  10.99870,  -1.37943,  -1.05767, -91.13220,   7.30948, -96.17030, -57.76870,  56.05470, -17.58130,   3.03485,   1.41936, -64.95870,   0.89975,   5.39844,  -2.88694,  89.32160,   6.75647, -99.25230, -67.95060,  42.69760,  -6.22823,  30.82990,   7.75802, -77.25620,   3.28734,   5.41251,  -3.34767,-176.40900,  -2.53334, -61.25120,  -0.00082,   0.01432,   0.14406,  -3.42088,  -2.74520, -38.89360,  -0.03948,   0.05959, -15.50340,-164.95900,   9.52547, 118.01800,   0.00198,  -0.03059,  -0.01691,   0.28830,   5.87914, -37.82730,  -0.12967,   0.14065, -15.16660
   2.40000,   0.00000,   0.00000,  -0.00000,  88.97510,  -0.25820, -45.92710,  89.17090,  80.02430, -88.10020,  12.18650,  -0.24488,   2.16707,  12.51730,  -1.00550,  -0.99487,   9.52759,  -1.21559,  -1.53882, -91.13730,   7.30355, -96.12430, -57.97550,  56.40930, -17.20950,   1.29144,   0.60739, -64.81090,   0.41752,   5.45907,  -4.96679,  89.30130,   6.90436, -99.20700, -67.46170,  43.06890,  -6.64623,  30.03200,   7.94834, -76.54830,   3.30423,   5.41390,  -3.39482,-176.57800,  -2.50793, -58.43180,  -0.00071,   0.00888,   0.09450,  -3.42366,  -2.55393, -39.23710,  -0.04018,   0.06063, -15.48450,-165.54700,  10.18660, 120.73400,   0.00212,  -0.02992,   0.01856,   0.26810,   5.84770, -38.17700,  -0.12803,   0.13890, -15.18420
   2.43333,   0.00000,   0.00000,  -0.00000,  89.06650,  -0.36838, -42.97320,  88.94800,  80.24220, -87.86280,  11.75040,  -0.31763,   2.20241,  10.87240,  -0.80813,  -0.97142,   6.96979,  -0.86002,  -1.94367, -91.17220,   7.49876, -96.08950, -57.67890,  56.61520, -17.37880,   0.42539,   0.20861, -63.83660,   3.64946,   5.32442,  -0.62226,  89.27460,   7.05666, -99.11550, -66.61200,  43.72330,  -7.58190,  28.98950,   8.21552, -75.53900,   3.16507,   5.41390,  -3.39508,-176.64300,  -2.35774, -54.95510,  -0.00366,   0.00336,   0.11876,  -3.43985,  -2.46912, -39.75290,  -0.03722,   0.05626, -15.56380,-166.26000,  11.07340, 124.14100,   0.00222,  -0.02825,   0.03497,   0.10937,   5.89048, -38.65610,  -0.12510,   0.13580, -15.21560
   2.46666,   0.00000,   0.00000,  -0.00000,  89.19610,  -0.58126, -39.64780,  88.94010,  80.49520, -87.88360,  11.24430,  -0.31690,   2.14327,   8.97660,  -0.64271,  -0.91875,   2.84833,  -0.51321,  -2.26287, -91.20370,   7.59254, -95.96430, -55.96400,  57.79620, -18.89210,  -2.28733,  -1.15434, -63.23920,   5.36053,   5.33341,  -0.88614,  89.22000,   7.14848, -98.75660, -65.52690,  44.70900,  -8.94236,  28.31640,   8.56362, -74.55200,   2.97371,   5.41195,  -3.32965,-176.85400,  -2.31499, -50.92920,   0.00049,  -0.00483,   0.13149,  -3.40461,  -2.27437, -40.48740,  -0.03918,   0.05916, -15.51120,-167.25200,  11.94550, 128.12800,   0.00243,  -0.02653,   0.04692,  -0.06534,   5.93810, -39.36490,  -0.13146,   0.14255, -15.14740
   2.50000,   0.00000,   0.00000,  -0.00000,  89.33240,  -0.73012, -36.08900,  88.68140,  80.81530, -87.65200,  10.60310,  -0.39430,   2.09413,   6.65400,  -0.41437,  -0.98206,  -1.59179,  -0.07204,  -2.35585, -91.22560,   7.75087, -95.98680, -54.02230,  58.63970, -20.48480,  -3.78735,  -1.96737, -62.58990,   5.14643,   5.35406,  -1.50049,  89.17530,   7.30916, -98.54500, -64.25890,  45.62550, -10.42910,  27.33450,   8.84296, -73.43810,   2.74237,   5.41648,  -3.48094,-176.90100,  -2.09507, -46.48180,  -0.00121,  -0.01237,   0.12152,  -3.41040,  -2.28388, -41.33270,  -0.03532,   0.05343, -15.61500,-168.26400,  13.03950, 132.54100,  -0.01535,  -0.02512,   0.03960,  -0.40230,   6.11013, -40.21080,  -0.13500,   0.14630, -15.10950
   2.53333,   0.00000,   0.00000,  -0.00000,  89.45840,  -0.97327, -32.29010,  88.33690,  81.22110, -87.36880,   9.78968,  -0.48943,   1.97667,   4.29678,  -0.21699,  -1.04182,  -5.54083,   0.31240,  -2.37114, -91.23940,   7.86411, -96.01430, -52.38630,  59.25660, -21.73800,  -4.54871,  -2.41974, -62.04550,   4.85420,   5.34952,  -1.36178,  89.12210,   7.60973, -98.39960, -62.50060,  46.67140, -12.23230,  25.62040,   8.94891, -72.02900,   2.40742,   5.42287,  -3.69545,-177.02400,  -1.97969, -41.59840,   0.00029,  -0.01904,   0.09131,  -3.39026,  -2.23804, -42.39040,  -0.03625,   0.05480, -15.59020,-169.51900,  14.00620, 137.38800,  -0.00672,  -0.02427,   0.05700,  -0.64988,   6.30733, -41.21920,  -0.13482,   0.14610, -15.11150
   2.56666,   0.00000,   0.00000,  -0.00000,  89.55910,  -1.41902, -28.36560,  88.26050,  81.74700, -87.41100,   8.73691,  -0.49138,   1.73497,   2.23962,   0.02969,  -0.94355,  -8.39758,   0.68559,  -2.45163, -91.22570,   7.80333, -96.04420, -51.97370,  59.46490, -22.04660,  -4.68189,  -2.56702, -61.32600,   4.31592,   5.35518,  -1.53478,  89.07950,   7.76206, -98.21550, -61.45040,  47.52350, -13.58180,  24.64750,   9.17672, -70.83500,   2.07091,   5.43158,  -3.99396,-177.20300,  -2.08593, -36.44210,  -0.00015,  -0.02330,   0.09678,  -3.39510,  -2.19706, -43.60760,  -0.03324,   0.05033, -15.67110,-170.97300,  14.75780, 142.57000,  -0.00641,  -0.02448,   0.05763,  -0.91789,   6.53390, -42.34960,  -0.13866,   0.15015, -15.07040
   2.60000,   0.00000,   0.00000,  -0.00000,  89.69180,  -1.75314, -24.34740,  88.17780,  82.32460, -87.42310,   7.58087,  -0.48742,   1.54029,   0.36314,   0.16629,  -0.83879,  -9.46260,   1.01753,  -2.36758, -91.20680,   7.77180, -96.14610, -52.54540,  59.35620, -21.36670,  -4.39926,  -2.43895, -61.05160,   4.02350,   5.35851,  -1.63480,  89.06280,   7.82965, -98.15280, -61.38740,  47.84030, -13.91460,  24.72700,   9.42636, -70.42370,   1.92859,   5.43458,  -4.09795,-177.32700,  -2.09071, -31.12180,   0.00024,  -0.02549,   0.16613,  -3.40308,  -2.20371, -44.97310,  -0.03041,   0.04611, -15.74750,-172.53900,  15.53870, 147.98400,   0.00164,  -0.02490,   0.06397,  -1.30222,   6.79173, -43.59080,  -0.12405,   0.13468, -15.22690
   2.63333,   0.00000,   0.00000,  -0.00000,  89.80550,  -1.90316, -20.23040,  87.86760,  82.88490, -87.16260,   6.45830,  -0.53591,   1.43871,  -1.06110,   0.30015,  -0.69603,  -9.12403,   1.27107,  -2.31629, -91.18660,   7.75067, -96.26920, -53.27140,  59.04350, -20.48690,  -4.19647,  -2.32080, -61.10580,   3.84845,   5.34873,  -1.34038,  89.04320,   7.97252, -98.13430, -61.42410,  47.95780, -13.86170,  24.63890,   9.41919, -70.36400,   2.01880,   5.43772,  -4.20519,-177.43400,  -2.20376, -25.52170,   0.00001,  -0.03347,   0.00080,  -3.41593,  -1.89744, -46.25350,  -0.02851,   0.04327, -15.79890,-174.17500,  16.26100, 153.66100,   0.00055,  -0.02561,   0.03853,  -1.54549,   6.99433, -44.96190,  -0.11732,   0.12755, -15.29910
   2.66666,   0.00000,   0.00000,  -0.00000,  89.90860,  -2.08781, -15.90260,  87.45270,  83.30500, -86.80180,   5.61480,  -0.60591,   1.32997,  -1.90027,   0.39562,  -0.51223,  -7.98785,   1.43968,  -2.37711, -91.19470,   7.81744, -96.28320, -53.07660,  58.89590, -20.33150,  -4.53902,  -2.48459, -61.36340,   3.85445,   5.34795,  -1.31957,  89.00400,   8.23452, -98.07900, -60.57850,  48.28910, -14.47750,  24.30580,   9.28083, -70.35030,   2.00011,   5.44177,  -4.34783,-177.54200,  -2.55436, -19.83320,   0.00016,  -0.03876,   0.15465,  -3.36199,  -1.38180, -47.67600,  -0.02677,   0.04068, -15.84570,-176.01300,  16.63120, 159.62100,   0.00328,  -0.02732,   0.07273,  -1.83538,   7.00214, -46.34440,  -0.11484,   0.12492, -15.32570
   2.70000,   0.00000,   0.00000,  -0.00000,  89.98070,  -2.15589, -11.81670,  87.04320,  83.67710, -86.39910,   4.86716,  -0.66733,   1.31517,  -2.25229,   0.35704,  -0.40403,  -6.41189,   1.42536,  -2.42249, -91.22210,   7.99390, -96.27920, -51.61450,  58.86490, -21.29520,  -4.89004,  -2.63071, -61.78800,   3.98945,   5.35035,  -1.38703,  88.96610,   8.37541, -97.93710, -59.30440,  48.52980, -15.59140,  23.92820,   9.06065, -70.46140,   1.87286,   5.43987,  -4.28162,-177.54000,  -3.00045, -14.28970,  -0.00013,  -0.04708,   0.04787,  -3.37461,  -0.73649, -48.95020,  -0.02801,   0.04252, -15.81230,-177.67000,  17.11690, 165.36500,   0.00306,  -0.03087,   0.00152,  -2.02365,   7.26933, -47.68390,  -0.12505,   0.13578, -15.21590
   2.73333,   0.00000,   0.00000,  -0.00000,  90.03730,  -2.25965,  -7.77384,  86.90590,  83.90230, -86.27410,   4.41591,  -0.67562,   1.28813,  -2.21785,   0.19660,  -0.33722,  -4.68903,   1.20113,  -2.33575, -91.25190,   8.19350, -96.28300, -49.33980,  58.75620, -22.97880,  -5.09176,  -2.67233, -62.37820,   4.07462,   5.33919,  -1.05555,  88.92610,   8.58559, -97.84340, -57.39340,  48.75780, -17.24550,  23.59680,   8.83322, -70.63300,   2.08451,   5.43717,  -4.18621,-177.38000,  -3.26610,  -9.09919,   0.00028,  -0.04433,   0.53627,  -3.35301,  -0.31285, -50.47150,  -0.02793,   0.04240, -15.81450,-179.32500,  17.61770, 171.00500,   0.00203,  -0.03137,   0.03547,  -2.22958,   7.73223, -48.97280,  -0.12787,   0.13875, -15.18590
   2.76666,   0.00000,   0.00000,  -0.00000,  90.10770,  -2.31568,  -4.80963,  86.36480,  84.38320, -85.76570,   3.44943,  -0.73396,   1.21896,  -1.90787,   0.04850,  -0.27477,  -2.79091,   0.93354,  -2.14790, -91.29430,   8.35571, -96.16230, -46.95410,  58.58920, -24.78930,  -5.35789,  -2.75183, -62.89210,   3.94219,   5.32039,  -0.50727,  88.86840,   8.94509, -97.75940, -54.96510,  49.07930, -19.24080,  22.84830,   8.45749, -70.75960,   1.99855,   5.43323,  -4.05038,-177.26100,  -3.58149,  -5.92709,   0.00160,  -0.03015,   2.39258,  -3.05531,   0.15318, -52.42810,  -0.02958,   0.04489, -15.76970, 179.52300,  17.89830, 173.49900,   0.00515,  -0.01276,   3.56410,  -0.94993,   8.10001, -52.04210,  -0.03504,   0.23721, -16.49050
   2.80000,   0.00000,   0.00000,  -0.00000,  90.12950,  -2.43900,  -2.10810,  85.70820,  84.80550, -85.13790,   2.59846,  -0.80253,   1.15781,  -1.47732,  -0.00955,  -0.23156,  -1.00428,   0.72734,  -1.99324, -91.35390,   8.53877, -95.95650, -44.78150,  58.23660, -26.31360,  -5.53151,  -2.75675, -63.58970,   3.78578,   5.32000,  -0.49607,  88.80600,   9.41848, -97.74200, -51.83790,  49.52820, -21.80420,  21.87280,   8.03883, -70.79560,   2.10918,   5.42952,  -3.92298,-177.09900,  -3.71288,  -4.53623,   0.00163,   0.00121,   6.84113,  -2.31341,   0.34739, -54.96980,  -0.03044,   0.04617, -15.74640, 178.38400,  17.81760, 174.89400,   0.00603,   0.00620,   8.48956,  -0.51329,   8.22730, -55.51700,  -0.13158,   0.09703, -16.56980
   2.83333,   0.00000,   0.00000,  -0.00000,  90.12290,  -2.69252,   0.36314,  85.53100,  85.11350, -84.96990,   1.98164,  -0.78932,   1.13480,  -1.31330,  -0.00805,  -0.24821,   0.88267,   0.56011,  -1.85839, -91.40580,   8.74860, -95.83450, -42.60450,  57.70100, -27.84690,  -5.81080,  -2.80669, -64.30400,   3.56786,   5.31359,  -0.31101,  88.77970,   9.83049, -97.88780, -48.57730,  49.57740, -24.57630,  21.17420,   7.70904, -70.90040,   1.77377,   5.42754,  -3.85500,-176.78200,  -3.75600,  -2.80059,  -0.00150,   0.03010,  10.00980,  -2.44653,   0.39139, -57.03530,  -0.03150,   0.02359, -16.57350, 177.40000,  17.41420, 176.84600,   0.00399,   0.02087,  11.52590,  -0.37679,   8.18375, -57.88640,  -0.13423,   0.09930, -16.56960
   2.86666,   0.00000,   0.00000,  -0.00000,  90.11030,  -2.92763,   2.61018,  85.38920,  85.35060, -84.85000,   1.50670,  -0.77657,   1.08768,  -1.20466,  -0.02288,  -0.14379,   2.50173,   0.49877,  -1.81149, -91.44670,   8.89069, -95.71930, -40.58660,  57.14780, -29.27920,  -5.45099,  -2.57037, -64.83010,   3.85619,   5.31752,  -0.42593,  88.76220,  10.17570, -98.02650, -45.53230,  49.41390, -27.24110,  20.52040,   7.43531, -70.92930,   1.71179,   5.43275,  -4.03308,-176.46200,  -3.67537,  -0.86864,  -0.00493,   0.04901,  12.25760,  -2.62004,   0.28909, -58.94840,  -0.03289,   0.02445, -16.57330, 176.58300,  16.99100, 178.94000,   0.00275,   0.03228,  13.60010,  -0.26681,   8.16135, -59.69420,  -0.13950,   0.10359, -16.56940
   2.90000,   0.00000,   0.00000,  -0.00000,  90.12920,  -2.99637,   4.37045,  84.95340,  85.59470, -84.46610,   1.01419,  -0.80341,   0.98113,  -1.19098,  -0.07587,  -0.02097,   3.76640,   0.46606,  -1.69713, -91.45300,   8.88066, -95.67000, -38.91600,  56.24600, -30.45220,  -5.05585,  -2.36379, -65.00540,   3.58238,   5.32118,  -0.52675,  88.74190,  10.35260, -98.03310, -42.94900,  48.89240, -29.59250,  19.68660,   7.15637, -70.80400,   1.96145,   5.44482,  -4.45462,-176.21800,  -3.46200,   0.80862,  -0.00813,   0.06428,  13.74140,  -2.79678,   0.20545, -60.34240,  -0.03499,   0.02597, -16.57300, 175.86300,  17.31030,-179.28100,   0.00216,   0.04020,  15.11150,  -0.08896,   8.68504, -61.11750,  -0.13821,   0.10273, -16.56950
   2.93333,   0.00000,   0.00000,  -0.00000,  90.10020,  -3.01809,   5.83101,  84.82510,  85.80880, -84.37750,   0.58544,  -0.78387,   0.89864,  -1.13832,  -0.12729,   0.03509,   4.58911,   0.41616,  -1.64340, -91.46330,   8.88969, -95.61430, -37.64570,  55.02050, -31.23570,  -3.68913,  -1.74290, -64.74540,   3.95982,   5.39371,  -2.72954,  88.74210,  10.35420, -98.03460, -41.54270,  47.84830, -30.71620,  18.24310,   6.62196, -70.71930,   2.56132,   5.46541,  -5.19580,-176.00400,  -3.01281,   2.32507,  -0.01235,   0.07999,  14.74230,  -2.99280,  -0.08389, -61.40790,  -0.03063,   0.02270, -16.57370, 175.43800,  16.80250,-177.68000,  -0.00035,   0.04944,  16.07410,  -0.05240,   8.31871, -62.16770,  -0.13345,   0.09922, -16.56940
   2.96666,   0.00000,   0.00000,  -0.00000,  90.08080,  -2.99820,   6.96117,  84.89990,  85.99640, -84.49960,   0.21229,  -0.73804,   0.80132,  -1.22458,  -0.13781,   0.00755,   5.27924,   0.32277,  -1.60368, -91.47760,   8.84059, -95.47210, -36.44780,  53.66700, -31.72140,  -2.40148,  -1.15273, -64.37310,   4.57604,   5.36541,  -1.84524,  88.73390,  10.38200, -98.00810, -40.87060,  46.35720, -30.76350,  15.85240,   5.66632, -70.82950,   3.35875,   5.47789,  -5.66562,-175.85100,  -2.57016,   3.49817,  -0.01638,   0.09361,  15.48760,  -3.17493,  -0.34251, -62.21030,  -0.03149,   0.02337, -16.57340, 175.16000,  16.36430,-176.44700,  -0.00180,   0.05525,  16.81820,  -0.01560,   7.98016, -62.98770,  -0.12988,   0.09656, -16.56950
   3.00000,   0.00000,   0.00000,  -0.00000,  90.07470,  -2.89290,   7.62710,  85.08120,  86.23940, -84.71880,  -0.27026,  -0.67014,   0.72272,  -1.29547,  -0.15424,  -0.05022,   5.82781,   0.21050,  -1.66283, -91.49930,   8.78096, -95.27090, -35.89280,  52.19790, -31.37010,  -1.39643,  -0.70003, -63.38630,   4.57110,   5.41588,  -3.45788,  88.69910,  10.51100, -97.90390, -40.78000,  44.41060, -29.66500,  15.78690,   5.46118, -71.39770,   5.26333,   5.47500,  -5.55880,-175.71500,  -2.44393,   4.22081,  -0.01881,   0.10154,  15.88840,  -3.27487,  -0.25733, -62.66780,  -0.03207,   0.02388, -16.57340, 174.94400,  16.40470,-175.64500,  -0.00251,   0.05780,  17.22900,   0.04623,   7.98840, -63.50170,  -0.12580,   0.09341, -16.56960
   3.03333,   0.00000,   0.00000,  -0.00000,  90.06480,  -2.78946,   8.06521,  85.71070,  86.45480, -85.38410,  -0.69374,  -0.55431,   0.64967,  -1.37854,  -0.16150,  -0.12364,   6.18987,   0.07428,  -1.69840, -91.52010,   8.74938, -95.10430, -36.24070,  50.50430, -30.20520,  -1.46436,  -0.77753, -62.04200,   6.32319,   5.43059,  -3.95577,  88.63540,  10.68330, -97.67760, -41.14480,  41.95910, -27.85180,  15.24760,   5.25917, -71.41560,   6.14965,   5.47402,  -5.52147,-175.60500,  -2.43264,   4.67108,  -0.02045,   0.10687,  16.17490,  -3.32767,  -0.11818, -62.96150,  -0.03065,   0.02288, -16.57340, 174.79200,  16.53170,-175.12200,  -0.00363,   0.06036,  17.50430,   0.10231,   8.04786, -63.83310,  -0.11176,   0.08281, -16.57010
   3.06666,   0.00000,   0.00000,  -0.00000,  90.09450,  -2.72851,   8.47692,  86.10740,  86.55970, -85.82500,  -0.90015,  -0.48838,   0.56072,  -1.54875,  -0.10382,  -0.18211,   6.29538,   0.10552,  -1.70817, -91.57380,   8.75882, -94.77430, -37.01070,  48.73910, -28.39800,  -1.41488,  -0.80166, -60.46790,   8.06549,   5.47683,  -5.59694,  88.58880,  10.81220, -97.52000, -41.73620,  39.26820, -25.74020,  14.19650,   5.07248, -70.73700,   6.94281,   5.46598,  -5.22107,-175.59500,  -2.27601,   5.08516,  -0.02215,   0.11196,  16.37450,  -3.38201,  -0.16525, -63.17190,  -0.02888,   0.02159, -16.57370, 174.66100,  16.39580,-174.70000,  -0.00271,   0.06016,  17.76530,   0.11317,   7.92854, -64.09720,  -0.09010,   0.06667, -16.57080
   3.10000,   0.00000,   0.00000,  -0.00000,  90.13320,  -2.60317,   8.83872,  86.34690,  86.58730, -86.09980,  -0.95348,  -0.45361,   0.49015,  -1.77961,  -0.09874,  -0.20168,   6.21076,   0.15411,  -1.83802, -91.63650,   8.96190, -94.60810, -38.68990,  46.57640, -25.53170,  -1.04894,  -0.63427, -58.84510,   9.05440,   5.49423,  -6.30136,  88.52770,  10.95250, -97.29650, -42.50630,  36.25750, -23.29290,  14.08430,   5.36171, -69.57490,   6.55898,   5.45762,  -4.91376,-175.61200,  -2.15397,   5.32299,  -0.02388,   0.11670,  16.67630,  -3.39813,  -0.12548, -63.35850,  -0.02943,   0.02210, -16.57350, 174.59700,  16.09770,-174.46600,  -0.00170,   0.05720,  18.12020,   0.08321,   7.55083, -64.33160,  -0.08845,   0.06536, -16.57080
   3.13333,   0.00000,   0.00000,  -0.00000,  90.15880,  -2.40988,   9.04157,  86.35340,  86.58920, -86.11910,  -0.95729,  -0.45163,   0.46457,  -2.06588,  -0.08276,  -0.26816,   5.97339,   0.20177,  -1.96539, -91.69700,   9.20970, -94.51330, -41.08610,  44.13000, -22.11120,  -1.29253,  -0.85172, -56.62660,   9.80845,   5.50890,  -6.89240,  88.46330,  11.08790, -97.05930, -43.39210,  33.19470, -20.59650,  14.46460,   6.05724, -67.75530,   6.04763,   5.44562,  -4.48256,-175.68400,  -1.96679,   5.42941,  -0.02349,   0.11555,  16.82800,  -3.37659,  -0.13707, -63.42950,  -0.02733,   0.02059, -16.57380, 174.54800,  15.87080,-174.28600,  -0.00091,   0.05314,  18.23340,   0.01471,   7.24029, -64.42040,  -0.06330,   0.04665, -16.57170
   3.16666,   0.00000,   0.00000,  -0.00000,  90.20700,  -2.25183,   9.04559,  86.23360,  86.59900, -86.00430,  -0.97773,  -0.46423,   0.45441,  -2.36432,  -0.06562,  -0.32160,   5.56749,   0.21698,  -2.15588, -91.75880,   9.41013, -94.36300, -44.07680,  41.39260, -18.40040,  -1.73647,  -1.27482, -53.73270,  10.72140,   5.52017,  -7.36647,  88.40440,  11.18610, -96.82850, -44.61050,  30.07740, -17.66100,  14.83350,   7.07251, -65.06970,   5.78511,   5.43697,  -4.17969,-175.80700,  -1.79617,   5.36180,  -0.02329,   0.11424,  16.89910,  -3.33926,  -0.17983, -63.44580,  -0.02681,   0.02031, -16.57380, 174.54800,  15.59050,-174.34700,   0.00131,   0.04813,  18.32610,  -0.08086,   6.85125, -64.45790,  -0.04943,   0.03634, -16.57230
   3.20000,   0.00000,   0.00000,  -0.00000,  90.25230,  -2.14512,   9.03555,  86.54090,  86.58440, -86.31040,  -0.94643,  -0.42959,   0.45724,  -2.73521,  -0.06839,  -0.36363,   5.20874,   0.21040,  -2.28921, -91.81320,   9.61181, -94.26500, -47.52200,  38.13270, -14.45610,  -1.75194,  -1.45904, -50.23290,  11.45970,   5.52535,  -7.59064,  88.33470,  11.33550, -96.58630, -46.11380,  26.85600, -14.50700,  14.96440,   8.34026, -61.51490,   5.97864,   5.42656,  -3.82031,-175.93500,  -1.67978,   5.32459,  -0.02332,   0.11435,  16.90080,  -3.28433,  -0.21799, -63.43360,  -0.02638,   0.02004, -16.57380, 174.47100,  15.51350,-174.35800,   0.00137,   0.04735,  18.32940,  -0.16202,   6.72046, -64.44890,  -0.02918,   0.02142, -16.57290
   3.23333,   0.00000,   0.00000,  -0.00000,  90.30320,  -2.05581,   8.95575,  86.87290,  86.55160, -86.63830,  -0.87868,  -0.39385,   0.46605,  -3.20421,  -0.04394,  -0.37953,   4.72447,   0.30745,  -2.40406, -91.87700,   9.90462, -94.21470, -50.90540,  34.37340, -10.37660,  -2.25304,  -2.11821, -46.80020,  11.69850,   5.52488,  -7.57240,  88.25000,  11.57690, -96.34530, -47.82260,  23.26700, -11.12520,  14.96760,   9.79054, -57.54460,   5.99086,   5.41442,  -3.41254,-176.11000,  -1.50556,   5.20683,  -0.02271,   0.11277,  16.91650,  -3.22686,  -0.37078, -63.42860,  -0.02695,   0.02050, -16.57380, 174.37100,  15.51910,-174.44400,   0.00094,   0.04887,  18.33640,  -0.24247,   6.68266, -64.43230,  -0.00733,   0.00536, -16.57370
   3.26666,   0.00000,   0.00000,  -0.00000,  90.34030,  -1.93982,   8.82521,  86.97070,  86.47450, -86.72840,  -0.72408,  -0.39049,   0.48182,  -3.80362,   0.03080,  -0.40527,   4.05945,   0.45926,  -2.38408, -91.93770,  10.15630, -94.13970, -54.03260,  30.28860,  -6.48202,  -3.26424,  -3.44646, -43.50340,  11.61250,   5.52395,  -7.53228,  88.15480,  11.94200, -96.15110, -49.37520,  19.43500,  -7.60365,  14.78340,  11.19160, -53.67010,   6.30351,   5.39101,  -2.64847,-176.24600,  -1.38447,   5.06181,  -0.02261,   0.11248,  16.92720,  -3.16299,  -0.42285, -63.43760,  -0.02490,   0.01903, -16.57390, 174.30600,  15.50490,-174.55200,   0.00058,   0.05080,  18.32170,  -0.33726,   6.57124, -64.42350,   0.03694,  -0.04136, -16.98160
   3.30000,   0.00000,   0.00000,  -0.00000,  90.37370,  -1.81937,   8.63386,  87.14050,  86.38690, -86.87230,  -0.54791,  -0.37986,   0.53427,  -4.37768,   0.11890,  -0.43253,   3.19346,   0.58890,  -2.43702, -91.98510,  10.33810, -94.06870, -56.78820,  26.53090,  -2.94218,  -4.50346,  -5.33814, -40.25850,  11.69890,   5.52261,  -7.47300,  88.05990,  12.22410, -95.91100, -50.64610,  15.80330,  -4.09289,  14.34770,  12.34900, -50.10260,   6.28795,   5.37626,  -2.18066,-176.39900,  -1.19852,   4.87355,  -0.02230,   0.11094,  16.93110,  -3.10079,  -0.51744, -63.46110,  -0.02564,   0.01964, -16.57400, 174.26800,  15.45990,-174.70000,  -0.00025,   0.05275,  18.28870,  -0.44980,   6.38539, -64.41930,   0.05775,  -0.06493, -17.21290
   3.33333,   0.00000,   0.00000,  -0.00000,  90.38540,  -1.66271,   8.40730,  86.89520,  86.31680, -86.59580,  -0.40925,  -0.42027,   0.59692,  -4.86824,   0.17036,  -0.45645,   2.34329,   0.72130,  -2.53080, -92.02090,  10.41150, -93.95290, -59.09740,  23.56570,   0.30574,  -5.43339,  -7.23749, -37.05750,  11.71780,   5.52001,  -7.36165,  87.95570,  12.36730, -95.53900, -51.65900,  13.15140,  -0.83925,  12.96010,  12.72990, -46.24430,   6.25198,   5.37710,  -2.20887,-176.51400,  -1.03186,   4.71114,  -0.02226,   0.11110,  16.87670,  -3.04292,  -0.57837, -63.48430,  -0.02610,   0.02008, -16.57390, 174.25500,  15.44100,-174.77700,  -0.00133,   0.05643,  18.14450,  -0.56898,   6.18459, -64.40670,   0.08153,  -0.09208, -17.47840
   3.36666,   0.00000,   0.00000,  -0.00000,  90.40290,  -1.43873,   8.31215,  86.15860,  86.23240, -85.84430,  -0.24618,  -0.52668,   0.62714,  -5.24734,   0.16739,  -0.48387,   1.71730,   0.76182,  -2.52675, -92.06600,  10.42100, -93.72150, -60.98550,  21.67590,   3.18174,  -5.83487,  -8.82125, -33.68140,  11.26820,   5.51252,  -7.04667,  87.87180,  12.31010, -95.11280, -52.74510,  11.44470,   2.05330,  10.90940,  12.52970, -41.61770,   6.17045,   5.38381,  -2.41831,-176.63700,  -0.82165,   4.66644,  -0.02229,   0.11090,  16.93560,  -2.97893,  -0.60372, -63.60900,  -0.02653,   0.02058, -16.57390, 174.14200,  15.54460,-174.69900,  -0.00498,   0.06741,  18.09500,  -0.68279,   6.09155, -64.49050,   0.09329,  -0.10562, -17.61020
   3.40000,   0.00000,   0.00000,  -0.00000,  90.43770,  -1.24424,   8.26076,  85.42810,  86.16300, -85.12340,  -0.11463,  -0.63249,   0.60843,  -5.40528,   0.11044,  -0.45933,   1.22660,   0.71707,  -2.54633, -92.10690,  10.41880, -93.50150, -62.59110,  20.31310,   5.64558,  -5.17804,  -9.16896, -29.62400,  10.59950,   5.50763,  -6.84395,  87.81520,  12.22540, -94.78710, -53.94790,  10.52410,   4.60646,   8.41650,  11.71540, -36.07680,   6.09779,   5.38740,  -2.53243,-176.72700,  -0.66430,   4.70288,  -0.02309,   0.11377,  16.97280,  -2.94988,  -0.60594, -63.74490,  -0.02649,   0.02065, -16.57380, 174.04200,  15.57040,-174.58700,  -0.00926,   0.07886,  18.09660,  -0.78358,   5.91232, -64.62660,   0.08559,  -0.09676, -17.52390
   3.43333,   0.00000,   0.00000,  -0.00000,  90.47300,  -1.10709,   8.15131,  84.85530,  86.14630, -84.57180,  -0.08786,  -0.71040,   0.56611,  -5.44456,   0.07063,  -0.48623,   1.18185,   0.56360,  -2.51743, -92.15600,  10.47470, -93.30000, -63.96060,  19.24490,   7.62874,  -3.71949,  -8.06413, -24.85290,  10.05200,   5.49683,  -6.40455,  87.78230,  12.24650, -94.65300, -55.24950,   9.83820,   6.88407,   6.17966,  10.86730, -29.87020,   5.69556,   5.38729,  -2.52892,-176.80100,  -0.53637,   4.73059,  -0.02359,   0.11532,  16.96860,  -2.92992,  -0.58512, -63.88670,  -0.02605,   0.02039, -16.57390, 173.95300,  15.68710,-174.54000,  -0.01267,   0.08915,  18.11230,  -0.84185,   5.86911, -64.77220,   0.04831,  -0.05422, -17.10800
   3.46666,   0.00000,   0.00000,  -0.00000,  90.46830,  -1.05656,   7.86032,  85.02830,  86.23760, -84.76120,  -0.26788,  -0.67070,   0.53234,  -5.33763,  -0.02803,  -0.54197,   1.58730,   0.33916,  -2.43614, -92.18620,  10.56910, -93.24360, -65.16170,  17.95980,   9.15425,  -1.96138,  -5.50978, -19.60630,   9.86662,   5.47639,  -5.61139,  87.75370,  12.39520, -94.64470, -56.54350,   8.81523,   8.99520,   5.11776,  11.80250, -23.65970,   4.94244,   5.38390,  -2.42076,-176.81200,  -0.48714,   4.64113,  -0.02358,   0.11547,  16.83280,  -2.93515,  -0.62069, -63.95520,  -0.02852,   0.02237, -16.57350, 173.93500,  15.97250,-174.59100,  -0.01432,   0.09574,  17.94680,  -0.84599,   6.06569, -64.82060,   0.01858,  -0.02073, -16.77850
   3.50000,   0.00000,   0.00000,  -0.00000,  90.45790,  -1.00421,   7.60950,  85.55000,  86.32270, -85.29870,  -0.43234,  -0.58847,   0.50003,  -5.23133,  -0.17552,  -0.57141,   2.38561,   0.02769,  -2.32385, -92.18180,  10.47440, -93.16480, -66.30150,  16.23430,   9.99626,  -0.46539,  -1.82541, -14.22380,  10.01300,   5.45529,  -4.83260,  87.72990,  12.53430, -94.64880, -57.75500,   7.27104,  11.07140,   5.24502,  15.63330, -18.82180,   4.88727,   5.36828,  -1.93443,-176.80000,  -0.39596,   4.64498,  -0.02468,   0.11967,  16.61840,  -2.96725,  -0.67794, -64.00020,  -0.02717,   0.02133, -16.57360, 173.91400,  16.30820,-174.54900,  -0.01626,   0.10124,  17.71650,  -0.82714,   6.31834, -64.85480,   0.00076,  -0.00085, -16.58220
   3.53333,   0.00000,   0.00000,  -0.00000,  90.42490,  -0.99545,   7.36398,  86.40330,  86.38960, -86.16420,  -0.55842,  -0.47025,   0.47571,  -5.09919,  -0.42578,  -0.51637,   3.20358,  -0.30722,  -2.21372, -92.15230,  10.22690, -93.04770, -67.28000,  13.89110,  10.52740,   0.38369,   2.22083,  -9.84239,  10.52300,   5.42225,  -3.67853,  87.70060,  12.44370, -94.44370, -59.02780,   5.40811,  12.87700,   5.19653,  19.43550, -15.29270,   5.50988,   5.35341,  -1.48139,-176.73300,  -0.40883,   4.57614,  -0.02561,   0.12320,  16.51560,  -3.00181,  -0.66804, -64.07230,  -0.02815,   0.02211, -16.57360, 173.95100,  16.55330,-174.57100,  -0.01811,   0.10795,  17.55880,  -0.79700,   6.53278, -64.90670,  -0.01538,   0.01107, -16.57330
   3.56666,   0.00000,   0.00000,  -0.00000,  90.40600,  -1.01482,   7.16481,  86.29800,  86.40120, -86.07420,  -0.58233,  -0.48093,   0.44512,  -4.93409,  -0.58059,  -0.48048,   3.80195,  -0.52548,  -2.02512, -92.13910,   9.95429, -92.80810, -68.03920,  11.48890,  11.08880,   0.56698,   4.60528,  -7.02842,  10.90050,   5.39153,  -2.66495,  87.68900,  12.20170, -94.19040, -60.05570,   2.79789,  14.34480,   4.82874,  21.24220, -13.12730,   5.50453,   5.33532,  -0.94045,-176.69000,  -0.33378,   4.59675,  -0.02623,   0.12569,  16.28570,  -3.05631,  -0.74697, -64.06550,  -0.02681,   0.02105, -16.57360, 174.03600,  16.59470,-174.56700,  -0.01768,   0.10746,  17.34420,  -0.77448,   6.58247, -64.90640,  -0.01941,   0.01397, -16.57330
   3.60000,   0.00000,   0.00000,  -0.00000,  90.38900,  -1.04333,   6.99264,  85.95460,  86.37340, -85.74650,  -0.52991,  -0.52665,   0.41351,  -4.69832,  -0.72310,  -0.49534,   4.09950,  -0.70261,  -1.91507, -92.14380,   9.81845, -92.62020, -68.52840,   9.71936,  11.80230,   0.46829,   4.48938,  -5.96056,  10.65160,   5.37713,  -2.20839,  87.62990,  11.99510, -93.73740, -60.76310,   0.36805,  15.54240,   4.43879,  20.77520, -12.34750,   4.98993,   5.33011,  -0.78880,-176.63200,  -0.36197,   4.56627,  -0.02549,   0.12413,  16.11240,  -3.10301,  -0.77484, -64.03090,  -0.02801,   0.02196, -16.57350, 174.13000,  16.61360,-174.61500,  -0.01778,   0.10761,  17.18670,  -0.75237,   6.57792, -64.88680,  -0.02463,   0.01776, -16.57300
   3.63333,   0.00000,   0.00000,  -0.00000,  90.39580,  -1.10721,   6.75371,  85.12740,  86.37320, -84.92970,  -0.53758,  -0.63032,   0.39232,  -4.39913,  -0.76585,  -0.53036,   4.42126,  -0.73376,  -2.00542, -92.17090,   9.80544, -92.45160, -68.93320,   9.02371,  12.63070,   0.37340,   3.31265,  -6.43747,  10.09590,   5.38191,  -2.35880,  87.54290,  11.90550, -93.24990, -61.32180,  -0.79571,  16.46820,   4.37023,  19.69570, -12.77950,   4.41293,   5.33470,  -0.92339,-176.58300,  -0.48829,   4.48750,  -0.02508,   0.12369,  15.84380,  -3.13052,  -0.71320, -63.91480,  -0.02886,   0.02256, -16.57350, 174.18000,  16.81380,-174.75500,  -0.01710,   0.10558,  17.01080,  -0.69455,   6.79430, -64.81440,  -0.03335,   0.02406, -16.57280
   3.66666,   0.00000,   0.00000,  -0.00000,  90.38100,  -1.25104,   6.47317,  84.12870,  86.41650, -83.91430,  -0.63515,  -0.74871,   0.42452,  -4.02375,  -0.64923,  -0.65922,   4.87889,  -0.68329,  -2.10337, -92.24740,   9.88864, -92.12890, -69.28750,   9.43887,  13.25040,   0.29988,   2.17263,  -7.86502,   9.63469,   5.39610,  -2.81179,  87.46880,  11.86490, -92.86650, -61.85200,  -0.73371,  17.11460,   4.49739,  18.36920, -14.01760,   3.84494,   5.34900,  -1.34834,-176.51500,  -0.70883,   4.31703,  -0.02427,   0.12154,  15.61820,  -3.15029,  -0.66896, -63.78540,  -0.02931,   0.02283, -16.57330, 174.27300,  16.98850,-174.98600,  -0.01656,   0.10365,  16.83530,  -0.62607,   7.06203, -64.70160,  -0.03256,   0.02354, -16.57300
   3.70000,   0.00000,   0.00000,  -0.00000,  90.38310,  -1.47531,   6.27814,  83.78860,  86.45230, -83.56880,  -0.71076,  -0.78380,   0.43462,  -3.52318,  -0.50655,  -0.75181,   5.26586,  -0.60215,  -2.16135, -92.32000,   9.98438, -91.84840, -69.47750,  10.23380,  13.48300,   0.20850,   1.19907,  -9.86944,   9.36133,   5.40858,  -3.21843,  87.41040,  11.85910, -92.58850, -62.37420,   0.02654,  17.36400,   4.76976,  17.39260, -15.60030,   3.54062,   5.36070,  -1.70096,-176.46000,  -1.01292,   4.21585,  -0.02357,   0.11974,  15.42670,  -3.16075,  -0.60953, -63.66900,  -0.02683,   0.02072, -16.57390, 174.32100,  17.12680,-175.20700,  -0.01576,   0.10210,  16.75210,  -0.55388,   7.37471, -64.60730,  -0.03815,   0.02767, -16.57270
   3.73333,   0.00000,   0.00000,  -0.00000,  90.37400,  -1.75083,   6.06824,  83.41930,  86.48540, -83.18830,  -0.78146,  -0.82263,   0.45632,  -3.10271,  -0.35311,  -0.87367,   5.67172,  -0.51861,  -2.14255, -92.43880,  10.20130, -91.47880, -69.26270,  10.87470,  13.46810,   0.04275,   0.19423, -12.56970,   9.08912,   5.42151,  -3.64939,  87.38020,  11.86540, -92.45420, -62.72270,   0.86098,  17.23590,   5.10223,  16.45150, -17.50250,   3.13728,   5.36764,  -1.91393,-176.43800,  -1.19115,   4.03461,  -0.02290,   0.11800,  15.27410,  -3.18016,  -0.70940, -63.53390,  -0.02987,   0.02289, -16.57350, 174.46200,  16.91970,-175.52200,  -0.01468,   0.09827,  16.67450,  -0.52480,   7.42385, -64.46840,  -0.03538,   0.02574, -16.57270
   3.76666,   0.00000,   0.00000,  -0.00000,  90.34930,  -2.11475,   5.91698,  83.89560,  86.49020, -83.65120,  -0.78463,  -0.76454,   0.48349,  -2.66203,  -0.24206,  -0.99542,   5.77661,  -0.48100,  -2.05972, -92.60160,  10.49220, -90.98950, -68.89330,  12.39660,  13.14750,  -0.54791,  -1.97677, -15.47340,   9.86606,   5.44475,  -4.44482,  87.34730,  11.86280, -92.29830, -62.88270,   1.63723,  16.70850,   5.32809,  15.31790, -19.44910,   2.88039,   5.37811,  -2.23880,-176.41800,  -1.43237,   3.90424,  -0.02114,   0.11216,  15.13450,  -3.17663,  -0.81696, -63.40020,  -0.02833,   0.02149, -16.57370, 174.60300,  16.63470,-175.80500,  -0.01340,   0.09397,  16.58320,  -0.50889,   7.46586, -64.29000,  -0.03813,   0.02788, -16.57260
   3.80000,   0.00000,   0.00000,  -0.00000,  90.34000,  -2.51064,   5.82752,  85.40100,  86.44910, -85.16540,  -0.68580,  -0.58669,   0.46750,  -2.21043,  -0.20527,  -1.04319,   5.54555,  -0.53492,  -1.89757, -92.69110,  10.52680, -90.57230, -68.62990,  13.75950,  12.20730,  -1.27326,  -4.03177, -17.54050,  11.38380,   5.48797,  -6.04940,  87.27400,  11.98050, -92.08080, -62.81560,   2.84600,  15.89840,   5.45046,  14.00170, -21.52680,   3.10500,   5.38294,  -2.39075,-176.42600,  -1.68871,   3.82686,  -0.02027,   0.10912,  14.99230,  -3.16926,  -0.98299, -63.25480,  -0.02971,   0.02228, -16.57350, 174.70700,  16.30090,-176.05800,  -0.01279,   0.09130,  16.51460,  -0.50476,   7.48874, -64.10190,  -0.03772,   0.02771, -16.57280
   3.83333,   0.00000,   0.00000,  -0.00000,  90.30300,  -2.85183,   5.80004,  86.50850,  86.38930, -86.27120,  -0.55702,  -0.45692,   0.47219,  -1.89753,  -0.18354,  -1.09612,   5.54285,  -0.61100,  -1.72792, -92.74540,  10.54040, -90.31150, -68.33930,  14.06990,  11.27810,  -1.74715,  -4.95248, -19.45890,  12.71560,   5.50627,  -6.78741,  87.23480,  12.10140, -92.02680, -62.56540,   3.76047,  14.92540,   5.70761,  13.22310, -23.60670,   3.59022,   5.39031,  -2.62453,-176.40700,  -1.87067,   3.70173,  -0.01938,   0.10579,  15.04850,  -3.16955,  -1.14754, -63.20100,  -0.02841,   0.02107, -16.57380, 174.79200,  16.13570,-176.27700,  -0.01186,   0.08906,  16.55170,  -0.47436,   7.61461, -63.97350,  -0.03745,   0.02765, -16.57260
   3.86666,   0.00000,   0.00000,  -0.00000,  90.27220,  -3.03790,   5.84048,  86.90590,  86.32600, -86.67460,  -0.42781,  -0.41306,   0.46072,  -1.63790,  -0.23377,  -1.07944,   5.66858,  -0.63229,  -1.65865, -92.73700,  10.54300, -90.35730, -68.14960,  14.02960,  10.68060,  -2.14858,  -5.46504, -21.49950,  13.31620,   5.50664,  -6.80290,  87.22780,  12.15030, -92.04380, -62.32350,   4.48199,  13.84490,   5.76991,  12.29030, -25.39810,   4.34556,   5.39434,  -2.75390,-176.38700,  -1.97374,   3.63975,  -0.01944,   0.10574,  15.09320,  -3.16003,  -1.21968, -63.13610,  -0.02783,   0.02054, -16.57390, 174.86900,  15.89690,-176.39800,  -0.01069,   0.08623,  16.56640,  -0.47028,   7.58970, -63.85170,  -0.03068,   0.02272, -16.57290
   3.90000,   0.00000,   0.00000,  -0.00000,  90.26590,  -3.12086,   5.91198,  86.65690,  86.26740, -86.43580,  -0.31268,  -0.45083,   0.44065,  -1.44120,  -0.23745,  -1.04626,   5.79193,  -0.58955,  -1.69536, -92.71930,  10.54200, -90.44790, -67.98790,  14.52040,  10.08130,  -2.59884,  -6.09037, -23.16150,  12.77940,   5.51232,  -7.03873,  87.24140,  12.11360, -92.06910, -62.11640,   4.95312,  12.61230,   5.68766,  11.38060, -26.78650,   5.05896,   5.39708,  -2.84288,-176.37500,  -2.08425,   3.57225,  -0.01900,   0.10415,  15.17870,  -3.14534,  -1.19809, -63.07570,  -0.02779,   0.02043, -16.57410, 174.93800,  15.62600,-176.50200,  -0.01031,   0.08315,  16.64700,  -0.47998,   7.37999, -63.78070,  -0.02402,   0.01778, -16.57300
   3.93333,   0.00000,   0.00000,  -0.00000,  90.26930,  -3.06309,   6.04865,  86.06260,  86.22640, -85.86540,  -0.23565,  -0.53190,   0.39312,  -1.20446,  -0.23696,  -1.05147,   5.90500,  -0.57095,  -1.69338, -92.67220,  10.47670, -90.60480, -67.84820,  15.57650,   9.49199,  -2.74101,  -6.05541, -24.41190,  12.46370,   5.51143,  -7.00118,  87.25400,  12.09340, -92.10550, -61.90680,   5.06808,  11.51160,   5.75259,  10.93580, -27.97340,   5.39054,   5.39870,  -2.89544,-176.38800,  -1.96108,   3.57580,  -0.01963,   0.10585,  15.24450,  -3.15102,  -1.24606, -63.01610,  -0.02856,   0.02104, -16.57390, 174.96300,  15.45830,-176.48700,  -0.00944,   0.08097,  16.70910,  -0.48820,   7.17851, -63.73410,  -0.02143,   0.01586, -16.57320
   3.96666,   0.00000,   0.00000,  -0.00000,  90.26050,  -2.91941,   6.14630,  85.47720,  86.21120, -85.30450,  -0.21094,  -0.60944,   0.34417,  -1.02026,  -0.24501,  -1.08766,   6.02681,  -0.58546,  -1.71879, -92.61890,  10.43090, -90.82010, -67.60260,  16.74040,   8.75899,  -2.63066,  -5.63241, -25.08700,  12.58530,   5.51183,  -7.01784,  87.27070,  12.11230, -92.19870, -61.74960,   5.14229,  10.58610,   5.76905,  10.52540, -28.95060,   5.81326,   5.40015,  -2.94192,-176.36000,  -1.93413,   3.52382,  -0.01987,   0.10665,  15.32900,  -3.14452,  -1.14090, -62.95170,  -0.02896,   0.02143, -16.57370, 174.99500,  15.45860,-176.48000,  -0.00830,   0.07717,  16.75520,  -0.47981,   7.02524, -63.69150,  -0.01925,   0.01422, -16.57330
   4.00000,   0.00000,   0.00000,  -0.00000,  90.25680,  -2.83939,   6.26845,  85.30180,  86.19320, -85.16260,  -0.17718,  -0.63312,   0.27740,  -0.88396,  -0.21261,  -1.11991,   6.10935,  -0.55162,  -1.68774, -92.59090,  10.39630, -90.92220, -67.21740,  17.59170,   7.79427,  -2.41259,  -5.16221, -25.09180,  12.60130,   5.51168,  -7.01163,  87.29050,  12.18390, -92.36040, -61.60640,   5.56504,   9.68989,   5.63671,  10.08050, -29.42290,   6.16128,   5.40606,  -3.13541,-176.33400,  -1.93123,   3.48785,  -0.02039,   0.10857,  15.45340,  -3.14198,  -1.05462, -62.91740,  -0.02808,   0.02082, -16.57400, 175.04500,  15.30450,-176.50100,  -0.00739,   0.07379,  16.87020,  -0.47514,   6.79901, -63.67770,  -0.01874,   0.01383, -16.57330
   4.03333,   0.00000,   0.00000,  -0.00000,  90.25000,  -2.66584,   6.37902,  85.00380,  86.17870, -84.90040,  -0.15183,  -0.67259,   0.20575,  -0.77882,  -0.18487,  -1.10559,   6.12901,  -0.57734,  -1.72451, -92.56530,  10.36360, -91.01470, -66.78500,  18.01990,   6.70360,  -2.23419,  -4.89330, -24.57820,  12.61680,   5.51153,  -7.00516,  87.31380,  12.20160, -92.48360, -61.59510,   5.89218,   8.85781,   5.72127,  10.14900, -29.62620,   6.35318,   5.40699,  -3.16572,-176.32400,  -1.78899,   3.45173,  -0.02085,   0.10955,  15.53170,  -3.14855,  -1.02784, -62.85710,  -0.02958,   0.02206, -16.57380, 175.07400,  15.26560,-176.46400,  -0.00702,   0.07281,  16.90540,  -0.47684,   6.60404, -63.64300,  -0.01490,   0.01096, -16.57340
   4.06666,   0.00000,   0.00000,  -0.00000,  90.22210,  -2.52195,   6.48706,  84.81050,  86.14910, -84.74280,  -0.09526,  -0.70111,   0.13481,  -0.73218,  -0.18542,  -1.09828,   6.06270,  -0.55907,  -1.68793, -92.53260,  10.28960, -91.09190, -66.38540,  18.08850,   5.56229,  -2.10585,  -4.79221, -23.75610,  12.85480,   5.50944,  -6.91882,  87.34500,  12.19940, -92.62250, -61.65100,   6.40101,   8.02934,   5.73804,  10.26440, -29.42400,   6.43528,   5.40358,  -3.05367,-176.29200,  -1.60391,   3.41468,  -0.02135,   0.11159,  15.63610,  -3.17129,  -1.03913, -62.82610,  -0.02588,   0.01939, -16.57410, 175.11000,  15.34620,-176.43100,  -0.00656,   0.07137,  16.95170,  -0.44956,   6.52810, -63.61140,  -0.00961,   0.00706, -16.57360
   4.10000,   0.00000,   0.00000,  -0.00000,  90.20900,  -2.50315,   6.54366,  85.12530,  86.12410, -85.10160,  -0.04210,  -0.66018,   0.04711,  -0.73368,  -0.19601,  -1.07544,   5.95036,  -0.57797,  -1.64032, -92.49220,  10.19820, -91.19090, -66.01470,  17.62880,   4.62497,  -1.89515,  -4.45681, -23.06560,  13.03460,   5.50598,  -6.77614,  87.38650,  12.20250, -92.81550, -61.76530,   6.90967,   7.24751,   5.78047,  10.56630, -28.90580,   6.39527,   5.40164,  -2.99094,-176.26000,  -1.65252,   3.35751,  -0.02120,   0.11090,  15.66300,  -3.16731,  -0.97912, -62.73530,  -0.03025,   0.02270, -16.57360, 175.14200,  15.35620,-176.46700,  -0.00606,   0.06972,  16.95620,  -0.42439,   6.52445, -63.52880,  -0.00935,   0.00689, -16.57350
   4.13333,   0.00000,   0.00000,  -0.00000,  90.19220,  -2.48813,   6.64322,  85.21950,  86.08270, -85.23300,   0.04121,  -0.65184,  -0.02683,  -0.77056,  -0.20810,  -1.06526,   5.86762,  -0.58189,  -1.63689, -92.45910,  10.14070, -91.29060, -65.71160,  17.05520,   4.04568,  -1.97265,  -4.72617, -22.68750,  13.38740,   5.50502,  -6.73675,  87.41730,  12.26500, -93.01060, -61.83680,   7.59723,   6.63666,   5.87373,  10.99250, -28.35220,   6.31800,   5.40069,  -2.95927,-176.24000,  -1.60288,   3.32586,  -0.02105,   0.10998,  15.77610,  -3.18045,  -1.01306, -62.71880,  -0.02680,   0.02010, -16.57410, 175.16900,  15.35090,-176.48200,  -0.00544,   0.06687,  17.04340,  -0.39616,   6.49747, -63.50580,  -0.00570,   0.00417, -16.57380
   4.16666,   0.00000,   0.00000,  -0.00000,  90.19780,  -2.55650,   6.68475,  85.48510,  86.06970, -85.53020,   0.07002,  -0.61561,  -0.08964,  -0.77292,  -0.21522,  -1.05985,   5.76544,  -0.58591,  -1.66629, -92.43130,  10.10420, -91.39600, -65.46510,  16.46970,   3.76153,  -2.06624,  -5.00970, -22.44760,  13.37550,   5.50503,  -6.73724,  87.43440,  12.35080, -93.16900, -61.89790,   8.31031,   6.21683,   5.99003,  11.47420, -27.81470,   6.32217,   5.39937,  -2.91745,-176.24100,  -1.62563,   3.30377,  -0.02168,   0.11221,  15.77320,  -3.18451,  -1.04377, -62.65110,  -0.02826,   0.02115, -16.57390, 175.19700,  15.24350,-176.55100,  -0.00393,   0.06422,  17.07910,  -0.38446,   6.45402, -63.44590,  -0.00056,   0.00041, -16.57380
   4.20000,   0.00000,   0.00000,  -0.00000,  90.17220,  -2.58825,   6.81999,  85.44350,  86.02110, -85.49600,   0.16631,  -0.62853,  -0.10396,  -0.79189,  -0.21130,  -1.07052,   5.66085,  -0.58685,  -1.68315, -92.41230,  10.07910, -91.46470, -65.25450,  16.51850,   3.64517,  -2.13613,  -5.23894, -22.22020,  13.35400,   5.50655,  -6.79943,  87.43880,  12.42980, -93.25960, -61.98360,   9.08016,   5.99051,   6.03964,  11.77370, -27.41250,   6.35902,   5.39633,  -2.81856,-176.21500,  -1.61344,   3.34149,  -0.02157,   0.11113,  15.88670,  -3.18891,  -1.07444, -62.66610,  -0.02850,   0.02131, -16.57380, 175.21800,  15.17230,-176.49700,  -0.00356,   0.06184,  17.14240,  -0.37006,   6.42386, -63.43200,   0.00082,  -0.00091, -16.58280
   4.23333,   0.00000,   0.00000,  -0.00000,  90.16520,  -2.55393,   6.84741,  85.01420,  86.00190, -85.06670,   0.19978,  -0.69130,  -0.10353,  -0.82915,  -0.18235,  -1.05748,   5.52326,  -0.56618,  -1.73595, -92.39500,  10.05950, -91.53370, -65.11360,  17.10750,   3.58829,  -2.08226,  -5.21443, -21.80400,  13.36140,   5.50518,  -6.74358,  87.44510,  12.48470, -93.33710, -62.10180,   9.56367,   5.96508,   6.09373,  12.03500, -27.11700,   6.18036,   5.39685,  -2.83500,-176.21500,  -1.53094,   3.30747,  -0.02158,   0.11154,  15.88930,  -3.20114,  -1.12558, -62.61190,  -0.03052,   0.02285, -16.57360, 175.23600,  15.18750,-176.51200,  -0.00395,   0.06155,  17.13230,  -0.36236,   6.39080, -63.38060,  -0.00198,   0.00147, -16.57370
