time,joint_root_pos.x,joint_root_pos.y,joint_root_pos.z,Hips_pos.x,Hips_pos.y,Hips_pos.z,Spine_pos.x,Spine_pos.y,Spine_pos.z,Chest_pos.x,Chest_pos.y,Chest_pos.z,Neck_pos.x,Neck_pos.y,Neck_pos.z,Head_pos.x,Head_pos.y,Head_pos.z,Shoulder_L_pos.x,Shoulder_L_pos.y,Shoulder_L_pos.z,UpperArm_L_pos.x,UpperArm_L_pos.y,UpperArm_L_pos.z,LowerArm_L_pos.x,LowerArm_L_pos.y,LowerArm_L_pos.z,Hand_L_pos.x,Hand_L_pos.y,Hand_L_pos.z,Shoulder_R_pos.x,Shoulder_R_pos.y,Shoulder_R_pos.z,UpperArm_R_pos.x,UpperArm_R_pos.y,UpperArm_R_pos.z,LowerArm_R_pos.x,LowerArm_R_pos.y,LowerArm_R_pos.z,Hand_R_pos.x,Hand_R_pos.y,Hand_R_pos.z,UpperLeg_L_pos.x,UpperLeg_L_pos.y,UpperLeg_L_pos.z,LowerLeg_L_pos.x,LowerLeg_L_pos.y,LowerLeg_L_pos.z,Foot_L_pos.x,Foot_L_pos.y,Foot_L_pos.z,Toes_L_pos.x,Toes_L_pos.y,Toes_L_pos.z,UpperLeg_R_pos.x,UpperLeg_R_pos.y,UpperLeg_R_pos.z,LowerLeg_R_pos.x,LowerLeg_R_pos.y,LowerLeg_R_pos.z,Foot_R_pos.x,Foot_R_pos.y,Foot_R_pos.z,Toes_R_pos.x,Toes_R_pos.y,Toes_R_pos.z
0.0,0.0,0.0,0.0,0.0,93.9241,-3.0,-0.35103,109.6482,-2.50842,-0.49266,118.63794,-2.28119,-0.5618,135.01396,-2.08832,-0.06826,141.43947,-2.48644,2.16561,131.59331,2.05522,5.07179,131.1779,6.52552,15.22357,109.17557,8.69802,21.81179,88.77598,14.81092,-2.841,131.67389,-6.5555,-6.25132,131.53279,-10.67282,-10.67554,108.83523,-18.23208,-19.97794,89.05237,-22.59266,1.82492,91.57846,3.15047,-16.09668,56.95831,5.90618,8.59281,24.36367,3.10954,7.20192,13.03131,5.90356,-1.7271,91.88798,-9.28746,-6.38918,53.3964,-4.38874,3.48302,13.81468,-0.4353,-5.49601,6.32375,-1.62969
0.03333,0.0,0.0,0.0,0.0,93.9241,-3.0,-0.63216,109.64507,-2.74743,-0.90844,118.63347,-2.60803,-1.10714,135.00841,-2.41319,-0.6185,141.43448,-2.80816,1.65144,131.60903,1.72722,4.59739,131.23031,6.17469,15.68542,109.62904,7.69825,23.67622,89.45518,12.8049,-3.36427,131.65086,-6.87848,-6.81322,131.52835,-10.9641,-12.17605,108.917,-18.16564,-23.24237,89.88637,-21.6703,1.75885,91.70045,3.2147,-17.18955,57.59302,5.44489,2.17943,21.52651,3.48215,-1.42143,10.75295,6.50338,-1.58269,91.76687,-9.28508,-4.52721,53.06803,-4.69551,5.53286,13.54503,-0.62974,-3.44395,6.05424,-1.84156
0.06667,0.0,0.0,0.0,0.0,93.9241,-3.0,-0.8716,109.63531,-2.89823,-1.27243,118.61965,-2.80768,-1.63506,134.9913,-2.57654,-1.15555,141.41956,-2.94636,1.1532,131.61041,1.55912,4.12005,131.26858,5.99567,16.00472,110.06085,6.92711,25.17998,90.17579,11.08818,-3.85402,131.62136,-7.05162,-7.33903,131.51062,-11.10685,-13.47201,108.98244,-17.94522,-26.09099,90.78135,-20.47356,1.67386,91.78047,3.26607,-17.20497,57.61559,5.18509,-5.08059,18.48716,3.85526,-10.76242,8.64435,6.85513,-1.43098,91.68956,-9.29443,-2.56214,52.87371,-4.89163,7.56867,13.37561,-0.76008,-1.40636,5.88473,-1.98448
0.1,0.0,0.0,0.0,0.0,93.9241,-3.0,-1.03646,109.62539,-2.91345,-1.52712,118.60531,-2.82707,-2.03443,134.97306,-2.59214,-1.56635,141.40401,-2.92835,0.76618,131.61528,1.554,3.74202,131.32583,5.98826,16.24735,110.46157,6.41252,26.35299,90.86944,9.72012,-4.20507,131.58539,-7.07751,-7.72673,131.48352,-11.10119,-14.51435,109.04694,-17.6145,-28.4063,91.6799,-19.13459,1.57866,91.79632,3.29611,-15.93539,56.89754,4.92883,-12.73102,16.04543,4.12901,-20.41191,7.57536,6.85398,-1.28983,91.67648,-9.32023,-0.59634,52.82955,-5.10487,9.73211,13.39279,-0.87785,0.75885,5.90184,-2.11472
0.13333,0.0,0.0,0.0,0.0,93.9241,-3.0,-1.10288,109.61947,-2.7735,-1.62737,118.59694,-2.64311,-2.20129,134.96319,-2.46265,-1.75306,141.39653,-2.77951,0.58996,131.62968,1.70931,3.56137,131.41828,6.15094,16.51619,110.82573,6.12604,27.26466,91.47714,8.77516,-4.3338,131.55279,-6.94909,-7.88238,131.46548,-10.94939,-15.26312,109.11712,-17.11144,-30.10354,92.49301,-17.66977,1.45835,91.73747,3.30496,-13.47378,55.63964,4.44945,-19.82587,15.14985,4.27258,-29.31514,8.49608,6.23337,-1.15102,91.73697,-9.36808,1.43287,52.9573,-5.26999,12.15854,13.63534,-0.96346,3.18421,6.14442,-2.19276
0.16667,0.0,0.0,0.0,0.0,93.9241,-3.0,-1.08071,109.61617,-2.54899,-1.58707,118.59331,-2.34492,-2.14155,134.96084,-2.23293,-1.70532,141.39493,-2.55127,0.61788,131.64043,1.97053,3.56562,131.51445,6.43114,16.845,111.13436,5.99452,27.9846,91.95596,8.23367,-4.24868,131.53534,-6.71985,-7.79986,131.48842,-10.71853,-15.76142,109.2255,-16.45187,-31.19379,93.1405,-16.291,1.31487,91.63501,3.30014,-13.1818,55.35094,4.10332,-25.26391,16.1881,4.41589,-36.02363,11.52594,5.22606,-1.01371,91.84036,-9.42582,2.50201,53.12155,-5.44746,14.97538,14.31934,-1.13393,6.0283,6.79044,-2.32932
0.2,0.0,0.0,0.0,0.0,93.9241,-3.0,-1.13651,109.61042,-2.49018,-1.66046,118.58635,-2.27747,-2.21099,134.95437,-2.24861,-1.77825,141.38832,-2.5746,0.51317,131.6535,1.99305,3.43283,131.54128,6.47246,16.90402,111.29488,5.7718,28.2447,92.20986,7.78841,-4.28256,131.50789,-6.73603,-7.80395,131.44331,-10.76072,-16.28453,109.2553,-16.02069,-32.04393,93.50101,-15.42533,1.25009,91.61039,3.30434,-13.42605,55.39142,3.66422,-28.7531,17.38155,4.0308,-40.07577,14.22617,4.09576,-0.93338,91.86658,-9.44641,2.87707,53.14257,-5.80418,17.66665,15.15313,-1.57645,8.91341,7.39319,-2.72866
0.23333,0.0,0.0,0.0,0.0,93.9241,-3.0,-1.14889,109.60919,-2.48029,-1.66577,118.58577,-2.2778,-2.16237,134.95545,-2.33351,-1.72035,141.38815,-2.6714,0.52464,131.66684,1.94125,3.42192,131.52508,6.43432,16.87617,111.26864,5.69882,28.20355,92.16877,7.64832,-4.21759,131.49347,-6.81651,-7.71664,131.37979,-10.85955,-16.47168,109.20648,-15.71641,-32.29993,93.53064,-14.91314,1.20993,91.6041,3.30986,-13.81681,55.52789,3.11856,-29.49095,17.65868,2.90122,-40.98663,15.22814,3.22616,-0.88977,91.87321,-9.45468,3.24675,53.1485,-6.19588,20.37619,16.12952,-2.19837,12.08809,7.86052,-3.24454
0.26667,0.0,0.0,0.0,0.0,93.9241,-3.0,-1.15748,109.60952,-2.50996,-1.65275,118.58771,-2.32565,-2.01682,134.96059,-2.43648,-1.5434,141.38985,-2.79664,0.64946,131.66485,1.84576,3.53609,131.50441,6.34506,16.71352,111.06185,5.76369,27.77887,91.81666,7.78752,-4.1063,131.50016,-6.90483,-7.61723,131.36917,-10.93704,-16.22401,109.10187,-15.62597,-31.83618,93.21137,-14.81158,1.17764,91.61406,3.31961,-13.8833,55.55817,2.63166,-28.24543,17.18485,1.62149,-39.44663,13.75884,2.60087,-0.85509,91.86317,-9.45617,3.63939,53.15121,-6.5376,23.07832,17.24099,-3.01799,15.60208,8.20721,-3.83054
0.3,0.0,0.0,0.0,0.0,93.9241,-3.0,-1.33491,109.60096,-2.74263,-1.87189,118.57806,-2.64036,-2.06612,134.95381,-2.75525,-1.53333,141.37711,-3.138,0.56977,131.63169,1.52542,3.44596,131.42035,6.0293,16.14067,110.66834,5.748,26.72789,91.18188,8.0073,-4.19553,131.5141,-7.22074,-7.7028,131.37134,-11.25573,-15.87157,108.93924,-15.94269,-30.9427,92.52601,-15.32794,1.20094,91.72135,3.35344,-13.78551,55.64901,2.11867,-25.91488,16.54761,0.17906,-36.4616,11.57572,1.66586,-0.82894,91.75826,-9.42516,4.0859,53.06849,-6.91905,25.76877,18.43791,-3.69747,19.25605,8.68803,-4.52677
0.33333,0.0,0.0,0.0,0.0,93.9241,-3.0,-1.4516,109.5927,-2.98667,-1.98283,118.57071,-2.97113,-1.87295,134.94716,-3.09709,-1.2506,141.36157,-3.49363,0.64668,131.58017,1.2184,3.47326,131.27594,5.7483,15.59421,110.18193,5.82477,25.50485,90.40032,8.54189,-4.00883,131.54397,-7.5874,-7.45225,131.39143,-11.67666,-15.09717,108.78252,-16.39763,-29.28801,91.59254,-16.2084,1.15746,91.82402,3.39614,-13.80498,55.75885,1.7344,-23.59318,16.05176,-0.97495,-33.28344,9.54223,0.39926,-0.75295,91.65789,-9.39985,4.21477,52.9457,-7.3944,27.96088,19.68764,-4.2596,22.97015,9.09937,-5.32954
0.36667,0.0,0.0,0.0,0.0,93.9241,-3.0,-1.40888,109.59474,-3.24138,-1.85576,118.57694,-3.32873,-1.35055,134.9454,-3.51341,-0.621,141.34853,-3.90951,1.01135,131.5369,0.85833,3.74888,131.12175,5.43388,15.09898,109.61153,6.03941,24.08702,89.47603,9.30928,-3.48835,131.57582,-8.02808,-6.8517,131.40586,-12.18278,-13.56419,108.53493,-17.05702,-26.74555,90.56197,-17.42521,1.14876,91.92484,3.42992,-13.86553,55.89783,1.44051,-19.98658,15.49723,-1.7418,-29.12553,8.20761,-0.51515,-0.75616,91.5565,-9.36266,3.74112,52.76046,-7.95708,29.37367,20.91887,-4.97559,26.65302,9.54061,-6.11437
0.4,0.0,0.0,0.0,0.0,93.9241,-3.0,-1.10496,109.61644,-3.37655,-1.37515,118.60481,-3.5292,-0.53197,134.95858,-3.77244,0.3103,141.34755,-4.17355,1.73426,131.51919,0.62566,4.39278,131.07918,5.24526,14.52473,109.00521,6.64683,22.29289,88.45776,10.43803,-2.7129,131.61622,-8.28672,-6.00002,131.4564,-12.50238,-11.33114,108.29108,-17.68339,-23.40337,89.5786,-18.69098,1.24723,91.96755,3.42472,-13.23075,55.73502,1.20562,-15.62077,14.9718,-2.32287,-24.60474,7.4809,-1.16601,-0.93931,91.50774,-9.31978,2.07378,52.55159,-8.49894,29.48475,22.20992,-5.70172,29.70433,10.51338,-6.84466
0.43333,0.0,0.0,0.0,0.0,93.9241,-3.0,-0.60256,109.6431,-3.40288,-0.65079,118.63483,-3.58614,0.35195,134.97853,-3.89229,1.28117,141.35517,-4.29765,2.55838,131.53602,0.53369,5.12212,131.12212,5.20895,13.74547,108.48237,7.43615,20.00581,87.54644,11.84186,-1.83406,131.63836,-8.40572,-5.02036,131.45954,-12.69734,-8.84058,108.0935,-18.29462,-19.64911,88.67474,-20.02611,1.31062,91.94368,3.40475,-12.70394,55.52936,1.18626,-11.45037,14.77105,-2.93577,-20.43492,7.28018,-1.78317,-1.14271,91.52418,-9.29248,-1.67885,52.44983,-8.80101,27.70662,23.96054,-6.64289,30.97182,12.71295,-7.63986
0.46667,0.0,0.0,0.0,0.0,93.9241,-3.0,-0.13802,109.65382,-3.41121,-0.00877,118.64422,-3.61894,0.9898,134.98682,-3.99069,1.95527,141.35762,-4.40306,3.08929,131.57057,0.50708,5.48765,131.199,5.27277,12.55558,108.11027,8.24523,17.02224,86.89133,13.41449,-1.08243,131.62002,-8.53789,-4.12101,131.37848,-12.93234,-6.54338,107.91124,-18.8751,-15.8835,87.83624,-21.45722,1.22631,91.90914,3.41067,-11.98883,55.19646,1.20344,-7.82138,14.69989,-3.53614,-16.80396,7.20903,-2.36835,-1.18784,91.55574,-9.29608,-6.3666,52.82347,-8.72512,24.14839,25.49468,-7.39257,29.4583,15.07454,-8.57114
0.5,0.0,0.0,0.0,0.0,93.9241,-3.0,0.06607,109.65532,-3.36948,0.25849,118.6444,-3.58526,1.1663,134.98977,-4.05531,2.11163,141.36318,-4.4738,3.12339,131.6236,0.54331,5.31364,131.32083,5.41293,10.73464,107.90001,9.14907,13.09426,86.54438,15.08919,-0.71877,131.57302,-8.64649,-3.57893,131.27358,-13.15563,-4.74944,107.77735,-19.3566,-12.37846,87.12042,-22.82075,1.1531,91.8768,3.41401,-10.42323,54.61513,1.20296,-4.47674,14.38328,-3.88041,-13.45787,6.89242,-2.70148,-1.17151,91.58766,-9.31105,-10.39612,53.62207,-8.38667,20.62009,26.85128,-7.32734,25.14582,16.28528,-9.78517
0.53333,0.0,0.0,0.0,0.0,93.9241,-3.0,0.18771,109.65775,-3.17132,0.40775,118.64728,-3.33564,1.19577,134.99547,-3.91156,2.09747,141.3752,-4.33021,3.05442,131.68151,0.76515,5.06546,131.44823,5.71524,8.67017,107.82906,10.30018,8.62049,86.55014,16.94249,-0.53624,131.52762,-8.52466,-3.23838,131.17288,-13.1263,-3.14352,107.72545,-19.61506,-8.93281,86.6363,-23.93284,1.20875,91.78632,3.37412,-8.54232,54.00781,1.13063,-1.37142,13.99154,-4.07316,-10.35157,6.50068,-2.88681,-1.26106,91.67746,-9.32638,-13.91428,54.72572,-7.98515,16.22068,26.967,-6.91738,19.15744,16.26141,-10.78124
0.56667,0.0,0.0,0.0,0.0,93.9241,-3.0,0.20932,109.65808,-2.89771,0.42098,118.64901,-2.97188,1.10452,134.99947,-3.61305,1.96454,141.3845,-4.03853,2.95479,131.71788,1.08974,4.86832,131.55216,6.08103,6.42127,107.90601,11.58819,3.81233,86.98309,18.82285,-0.57466,131.50057,-8.22224,-3.1919,131.11418,-12.87017,-1.74697,107.81052,-19.70734,-5.53668,86.46112,-24.87957,1.34341,91.6725,3.30763,-6.46555,53.43887,1.17636,1.57391,13.60466,-4.15329,-7.4053,6.11381,-2.95976,-1.40175,91.79119,-9.33613,-16.61068,55.84049,-7.44684,11.19162,25.74312,-6.45519,12.31001,15.04503,-11.19476
0.6,0.0,0.0,0.0,0.0,93.9241,-3.0,0.15103,109.65423,-2.60941,0.32377,118.64623,-2.576,0.90692,135.00028,-3.22481,1.73003,141.38918,-3.66493,2.81219,131.73046,1.46419,4.71352,131.61251,6.4615,4.13813,108.14721,12.85912,-1.15488,87.94373,20.65135,-0.78697,131.49075,-7.82051,-3.39389,131.09356,-12.47333,-0.61102,108.02233,-19.67536,-2.28032,86.60198,-25.61616,1.50567,91.56169,3.22998,-3.97867,52.91584,1.29278,4.39678,13.15989,-4.10339,-4.58265,5.66903,-2.91155,-1.54775,91.90307,-9.33882,-18.48858,56.77771,-6.7792,5.5456,23.5838,-6.20883,4.34145,12.82,-10.77549
0.63333,0.0,0.0,0.0,0.0,93.9241,-3.0,0.00658,109.64791,-2.38837,0.10977,118.64013,-2.26009,0.60746,134.99908,-2.85413,1.3813,141.39349,-3.30355,2.6094,131.71985,1.78779,4.56719,131.63133,6.76386,1.9922,108.53394,13.95836,-6.05028,89.49165,22.30252,-1.15082,131.4997,-7.43335,-3.81161,131.11069,-12.05627,0.25234,108.35461,-19.64182,0.65466,87.06599,-26.2406,1.66035,91.48955,3.16254,-1.24858,52.56711,1.18427,7.13893,12.79124,-4.04386,-1.8402,5.30039,-2.84977,-1.66218,91.97697,-9.33298,-19.27648,57.23785,-6.1292,-0.5628,20.77484,-5.90577,-4.3396,10.3246,-9.73877
0.66667,0.0,0.0,0.0,0.0,93.9241,-3.0,-0.20789,109.64101,-2.25992,-0.20413,118.63257,-2.06262,0.19675,134.99765,-2.55195,0.93137,141.39646,-3.00453,2.31634,131.69687,2.02197,4.36421,131.62575,6.96193,0.13637,109.00532,14.85637,-10.63133,91.59741,23.68456,-1.64317,131.52092,-7.11633,-4.40299,131.15499,-11.68273,0.71535,108.74862,-19.66098,3.12653,87.7672,-26.79382,1.83922,91.46599,3.1021,1.29545,52.44593,0.98741,9.70725,12.63801,-3.94955,0.78133,5.07761,-2.79545,-1.78129,92.00246,-9.30833,-19.02639,57.11391,-5.74037,-7.28664,17.8473,-5.40187,-13.52841,8.3459,-8.3897
0.7,0.0,0.0,0.0,0.0,93.9241,-3.0,-0.43078,109.6375,-2.28194,-0.52986,118.62813,-2.06762,-0.21932,134.99862,-2.42344,0.47141,141.40213,-2.87861,2.01871,131.66939,2.07278,4.17838,131.61471,6.9651,-1.3528,109.51913,15.51332,-14.55754,94.08082,24.68987,-2.14475,131.552,-6.97537,-5.01645,131.23591,-11.47603,0.82942,109.13609,-19.80184,5.11125,88.60525,-27.35574,2.02224,91.507,3.06043,3.29858,52.51009,0.83687,12.19617,12.776,-3.83621,3.38246,5.07765,-2.73278,-1.9022,91.96242,-9.26053,-17.56027,56.32649,-5.76206,-14.53203,15.4644,-4.8017,-22.70556,7.28674,-6.91897
0.73333,0.0,0.0,0.0,0.0,93.9241,-3.0,-0.63048,109.63952,-2.50991,-0.81836,118.63003,-2.35936,-0.55965,135.00363,-2.59191,0.08372,141.41241,-3.04234,1.7938,131.64529,1.823,4.0722,131.62296,6.66143,-2.40943,110.04952,15.85142,-17.61152,96.69739,25.20731,-2.584,131.58769,-7.124,-5.58544,131.34346,-11.54375,0.79434,109.51045,-20.17587,6.51657,89.46718,-28.07741,2.2577,91.63146,3.02555,4.92403,52.70621,0.77885,14.84859,13.21198,-3.85931,6.18086,5.34709,-2.77417,-2.08201,91.8374,-9.16212,-14.42336,54.86648,-6.30274,-21.57406,14.56262,-4.2364,-31.12906,7.84223,-5.54096
0.76667,0.0,0.0,0.0,0.0,93.9241,-3.0,-0.7865,109.63817,-2.75138,-1.04441,118.62782,-2.66903,-0.82789,135.00336,-2.77245,-0.2414,141.41806,-3.21618,1.66064,131.61425,1.54376,4.06603,131.62724,6.32037,-3.12334,110.54684,16.10866,-19.67148,99.03687,25.6268,-2.9763,131.62019,-7.2719,-6.1165,131.43686,-11.59718,0.61827,109.83134,-20.52691,6.80089,90.02123,-28.66605,2.51335,91.75992,2.9716,6.17442,52.90448,0.9262,17.71464,13.8695,-3.85891,9.21822,5.82017,-2.77143,-2.29418,91.70932,-9.04088,-15.66252,55.10009,-6.14508,-26.87835,15.76122,-3.60314,-37.3203,10.42689,-4.42419
0.8,0.0,0.0,0.0,0.0,93.9241,-3.0,-0.8502,109.63481,-2.74896,-1.14099,118.62321,-2.64274,-0.96753,134.99958,-2.62239,-0.43172,141.41954,-3.05387,1.67346,131.58309,1.58016,4.23571,131.59683,6.27448,-3.49839,111.01071,16.68007,-20.76273,100.80999,26.41677,-3.25845,131.64638,-7.07371,-6.53254,131.48171,-11.29931,0.30417,110.02061,-20.49583,6.59018,90.33154,-28.84673,2.71913,91.78119,2.88854,7.32873,53.00556,1.29646,20.9255,14.65291,-3.60303,12.62861,6.39666,-2.52622,-2.48221,91.68899,-8.95849,-15.74666,55.06583,-5.7753,-29.58018,16.62915,-2.44983,-40.60591,12.6421,-3.28661
0.83333,0.0,0.0,0.0,0.0,93.9241,-3.0,-0.8199,109.63554,-2.69909,-1.08956,118.62424,-2.56594,-0.86457,134.99989,-2.50546,-0.37439,141.4236,-2.93538,1.88204,131.5635,1.6123,4.58589,131.58161,6.22651,-3.3966,111.37718,17.17829,-20.85033,101.8373,27.24176,-3.28929,131.66629,-6.90027,-6.67091,131.50757,-11.04056,-0.0519,110.06351,-20.43398,6.03926,90.38581,-28.95437,2.83287,91.76444,2.82849,8.71982,53.14863,1.60568,24.4392,15.62068,-3.32968,16.55743,6.95846,-2.32612,-2.6044,91.70553,-8.91235,-15.58972,54.99922,-5.54154,-29.18486,16.49584,-2.01099,-40.28942,12.66886,-2.4652
0.86667,0.0,0.0,0.0,0.0,93.9241,-3.0,-0.72735,109.6294,-2.34676,-0.93861,118.61664,-2.07836,-0.60362,134.9904,-2.01831,-0.12006,141.41411,-2.45577,2.15347,131.53515,2.0766,4.92991,131.53237,6.64753,-2.80129,111.40137,17.91039,-19.99293,101.90457,28.45429,-3.08638,131.67371,-6.39346,-6.50806,131.49063,-10.49969,-0.53299,109.87887,-19.94035,4.97069,90.04774,-28.50462,2.79932,91.61629,2.78778,9.55685,53.12412,2.64069,27.98266,16.81174,-2.01796,20.87732,7.4561,-1.63086,-2.59663,91.8554,-8.96982,-15.79776,55.29714,-4.90065,-26.80786,16.00332,-1.08274,-37.20847,10.54155,-1.48271
0.9,0.0,0.0,0.0,0.0,93.9241,-3.0,-0.69391,109.6016,-1.83944,-0.83854,118.58237,-1.37907,-0.23281,134.94841,-1.33901,0.28534,141.37097,-1.75322,2.44596,131.45377,2.77441,5.24804,131.38238,7.32912,-1.82831,111.08872,18.7297,-18.31142,101.03736,29.87387,-2.748,131.66711,-5.72232,-6.15206,131.46616,-9.84233,-1.13553,109.55279,-19.1447,3.48395,89.45199,-27.60218,2.74536,91.42067,2.73205,10.14651,53.05633,3.58819,31.28461,18.25036,-1.05166,25.3027,8.13266,-0.94002,-2.55199,92.05876,-9.05546,-15.08382,55.37117,-4.12517,-23.80796,15.56646,0.26546,-33.30444,8.65478,-0.19177
0.93333,0.0,0.0,0.0,0.0,93.9241,-3.0,-0.52998,109.57749,-1.48256,-0.54274,118.55185,-0.89268,0.42223,134.90069,-0.8997,1.00459,141.31848,-1.30235,3.01313,131.36055,3.23107,5.81429,131.15893,7.78243,-0.34602,110.51171,19.07949,-15.64246,99.34284,30.83495,-2.15328,131.66214,-5.27977,-5.52865,131.43975,-9.42222,-1.63693,109.18426,-18.44681,1.93261,88.7888,-26.70481,2.68897,91.25992,2.68614,9.30341,52.81572,5.05793,33.18666,19.86932,0.16634,29.37173,8.76037,-0.28215,-2.54128,92.22623,-9.109,-15.33316,55.71578,-3.56926,-19.68451,15.16092,0.45222,-28.80712,7.74933,0.35311
0.96667,0.0,0.0,0.0,0.0,93.9241,-3.0,-0.09617,109.58438,-1.46418,0.0899,118.55718,-0.87993,1.22879,134.8947,-0.94646,1.86703,141.30543,-1.37581,3.75961,131.34387,3.21229,6.52137,131.06338,7.78351,1.69325,109.77773,18.53017,-11.95842,97.05914,30.72791,-1.35743,131.6661,-5.32758,-4.70916,131.47697,-9.49082,-2.03097,108.90016,-18.15168,-0.49664,88.0649,-25.92656,2.53928,91.17617,2.71503,6.78682,52.52498,6.63622,33.39755,21.72495,1.8372,32.51009,10.08738,0.44337,-2.51249,92.30805,-9.14301,-14.98327,55.74556,-3.22713,-14.96669,14.94497,0.66061,-24.02437,7.45401,0.57339
1.0,0.0,0.0,0.0,0.0,93.9241,-3.0,0.5012,109.59223,-1.63228,0.90389,118.56261,-1.12501,1.97899,134.90423,-1.23261,2.61923,141.31195,-1.70219,4.50232,131.37527,2.94923,7.24651,131.06045,7.52879,3.95048,109.08881,17.44162,-7.5909,94.51737,29.74548,-0.57199,131.653,-5.61764,-3.93685,131.50708,-9.77203,-2.50231,108.6881,-18.08657,-3.31099,87.59459,-25.25042,2.30543,91.14236,2.7972,2.02396,52.37395,7.72295,31.40543,24.07183,3.78308,33.57015,12.7308,1.57888,-2.4451,92.33968,-9.17834,-14.3146,55.58108,-3.24079,-10.72926,14.9515,0.78235,-19.78678,7.46064,0.67315
1.03333,0.0,0.0,0.0,0.0,93.9241,-3.0,0.82486,109.59203,-1.79673,1.33182,118.56039,-1.35101,2.29926,134.9089,-1.42978,2.90982,141.31802,-1.91932,4.86092,131.38832,2.73579,7.63642,131.08503,7.29722,5.84739,108.50191,16.16755,-3.14834,91.99308,28.14464,-0.24631,131.64966,-5.81202,-3.67952,131.5319,-9.911,-3.53406,108.59036,-18.00789,-6.74001,87.49549,-24.46075,2.08578,91.16012,2.88817,-3.2409,52.76306,7.85044,27.75658,26.10928,4.92898,31.91583,15.31216,2.85859,-2.31564,92.32197,-9.22348,-13.37321,55.32513,-3.19872,-7.1956,15.00677,0.80998,-16.25309,7.51596,0.69507
1.06667,0.0,0.0,0.0,0.0,93.9241,-3.0,0.83518,109.60471,-1.98347,1.33407,118.57668,-1.60676,2.23635,134.92899,-1.66882,2.82228,141.33942,-2.17116,4.83356,131.41315,2.4787,7.65133,131.10849,7.01405,7.44213,108.03476,14.72378,1.15064,89.76606,25.84076,-0.31905,131.66542,-6.04211,-3.82862,131.5392,-10.07565,-5.0732,108.57162,-18.00259,-10.64809,87.73058,-23.61354,1.90175,91.23469,2.98423,-7.76675,53.62572,7.39083,23.95294,27.74234,5.46342,27.40532,16.56054,4.3626,-2.13449,92.24388,-9.2675,-11.67914,54.80672,-3.37744,-3.96285,14.76145,0.70156,-13.02013,7.27056,0.57494
1.1,0.0,0.0,0.0,0.0,93.9241,-3.0,0.71437,109.62507,-2.23752,1.15337,118.60371,-1.95732,1.98993,134.9595,-2.02303,2.5475,141.371,-2.54364,4.59587,131.45534,2.1289,7.44779,131.12207,6.64084,8.98348,107.71618,13.09735,5.40221,88.07634,23.01536,-0.54662,131.68441,-6.39867,-4.09912,131.55767,-10.39444,-6.89833,108.619,-18.00217,-14.60857,88.24317,-22.72323,1.69964,91.3534,3.09617,-11.78407,54.8344,6.5436,19.1671,27.99199,5.39753,21.55634,16.48864,5.75523,-1.89871,92.11949,-9.30865,-9.83397,54.25282,-3.78772,-0.9414,14.46568,0.42046,-9.99856,6.97473,0.28909
1.13333,0.0,0.0,0.0,0.0,93.9241,-3.0,0.5417,109.64179,-2.47747,0.90004,118.62647,-2.29236,1.66865,134.98544,-2.38934,2.1937,141.39665,-2.94601,4.25275,131.50193,1.79351,7.1187,131.13688,6.29408,10.54711,107.58926,11.35732,9.61809,86.99869,19.84735,-0.81572,131.68955,-6.77927,-4.37919,131.60409,-10.76636,-8.66299,108.7524,-17.93189,-18.44713,89.08755,-21.7365,1.49756,91.47148,3.19698,-15.09346,56.15897,5.45457,13.67259,26.96765,5.02526,14.54639,15.39757,6.90496,-1.64852,91.99675,-9.34259,-7.88876,53.74873,-4.29457,1.86776,14.17804,0.03823,-7.18913,6.6871,-0.1111
1.16667,0.0,0.0,0.0,0.0,93.9241,-3.0,0.33282,109.65304,-2.68076,0.59721,118.64232,-2.57988,1.29949,135.00386,-2.73082,1.79485,141.4141,-3.32468,3.84178,131.5474,1.49981,6.71243,131.16036,5.99555,12.06556,107.70018,9.57954,13.65899,86.57558,16.51695,-1.11231,131.68064,-7.14058,-4.66589,131.64225,-11.13722,-10.28745,108.93558,-17.82306,-21.98329,90.18247,-20.72808,1.3172,91.57539,3.27767,-17.41188,57.29279,4.39871,7.61264,24.83454,4.59565,6.21434,13.51617,7.44221,-1.40995,91.8897,-9.36663,-5.75558,53.32701,-4.74409,4.55355,13.90018,-0.37945,-4.50327,6.40925,-0.53301
1.2,0.0,0.0,0.0,0.0,93.9241,-3.0,0.11447,109.65837,-2.82172,0.27732,118.65053,-2.78044,0.88756,135.01524,-2.98015,1.36428,141.42414,-3.60301,3.40058,131.58796,1.29151,6.28262,131.19048,5.77904,13.45042,108.03717,7.8832,17.3646,86.74832,13.21044,-1.45407,131.66315,-7.40584,-4.98516,131.63944,-11.42247,-11.92367,109.15653,-17.60884,-25.19036,91.36405,-19.69047,1.15686,91.6512,3.33689,-18.62852,57.94969,3.61921,0.82523,21.8781,4.06027,-2.93722,11.15018,7.0468,-1.18876,91.8124,-9.38658,-3.51703,53.03718,-5.0976,7.14994,13.69873,-0.79587,-1.90696,6.20786,-0.94806
1.23333,0.0,0.0,0.0,0.0,93.9241,-3.0,-0.11581,109.65845,-2.82964,-0.05384,118.6519,-2.79513,0.47887,135.01874,-3.03729,0.95273,141.42508,-3.68811,2.96952,131.6161,1.26704,5.87929,131.23822,5.73834,14.63028,108.54954,6.46284,20.66746,87.41433,10.17373,-1.80616,131.64251,-7.47421,-5.31237,131.61502,-11.51255,-13.42444,109.4024,-17.22997,-27.98672,92.57592,-18.54161,1.0275,91.67007,3.36586,-18.73846,57.95625,3.23346,-6.67984,18.78571,3.48064,-12.59589,8.95766,6.0445,-0.99523,91.79352,-9.41334,-1.18757,52.93197,-5.28091,9.73363,13.64659,-1.13489,0.67687,6.15569,-1.29327
1.26667,0.0,0.0,0.0,0.0,93.9241,-3.0,-0.3523,109.65365,-2.73655,-0.38124,118.6471,-2.67159,0.12744,135.01376,-2.97107,0.61301,141.4169,-3.64428,2.59567,131.63103,1.36177,5.55627,131.30596,5.80376,15.65395,109.17654,5.34917,23.54553,88.44161,7.51733,-2.12372,131.6175,-7.41002,-5.60429,131.59838,-11.47053,-14.6548,109.65181,-16.79327,-30.27249,93.7584,-17.42435,0.92419,91.64473,3.37267,-17.57277,57.22066,2.95014,-14.28895,16.36847,2.60703,-22.34693,8.01773,4.47723,-0.82602,91.82019,-9.44609,0.85703,52.98911,-5.36589,12.34253,13.85627,-1.303,3.31541,6.33225,-1.55515
1.3,0.0,0.0,0.0,0.0,93.9241,-3.0,-0.48317,109.64425,-2.49449,-0.55511,118.63642,-2.34321,-0.05031,135.00209,-2.69825,0.45051,141.40249,-3.38621,2.41197,131.63497,1.65011,5.42927,131.37793,6.05827,16.66128,109.84217,4.66776,26.09846,89.66084,5.42191,-2.29356,131.58995,-7.12902,-5.76715,131.59043,-11.19555,-15.4434,109.84207,-16.2229,-31.88226,94.78659,-16.30934,0.81945,91.55036,3.35252,-15.28515,55.94883,2.64165,-21.1783,15.3985,1.77871,-31.02945,9.02831,2.5129,-0.6848,91.91718,-9.49339,2.26094,53.15029,-5.52037,15.02092,14.41334,-1.46643,6.14588,6.71138,-1.74437
1.33333,0.0,0.0,0.0,0.0,93.9241,-3.0,-0.51883,109.63275,-2.23743,-0.59727,118.62271,-1.98922,-0.09688,134.9881,-2.36249,0.41167,141.38874,-3.04258,2.3654,131.62653,1.99017,5.42327,131.44419,6.37403,17.59965,110.48926,4.25087,28.23097,90.9005,3.83783,-2.33823,131.57039,-6.78991,-5.81456,131.59392,-10.85403,-15.89291,109.97992,-15.66623,-32.87385,95.54294,-15.30206,0.69804,91.44379,3.32625,-14.3291,55.38327,2.25121,-26.34029,16.2158,1.04951,-37.19856,11.73414,0.62973,-0.55346,92.02695,-9.53875,2.96083,53.2952,-5.68714,17.98401,15.37124,-1.70209,9.33441,7.41614,-1.95566
1.36667,0.0,0.0,0.0,0.0,93.9241,-3.0,-0.64527,109.62557,-2.18782,-0.76716,118.61444,-1.91835,-0.2514,134.97912,-2.30177,0.27752,141.37814,-2.98148,2.1912,131.61869,2.06284,5.28314,131.45775,6.42358,18.18371,110.99153,3.85654,29.67282,91.93001,2.60182,-2.47856,131.56003,-6.73529,-5.93724,131.56337,-10.81451,-16.33161,110.05845,-15.43956,-33.53636,95.89829,-14.8092,0.64384,91.42613,3.32505,-14.14561,55.28727,1.71635,-29.04519,17.14398,0.01506,-40.28617,13.86773,-1.01941,-0.46402,92.04662,-9.55137,3.50915,53.32306,-6.08233,20.90464,16.40678,-2.2892,12.67722,8.01338,-2.44369
1.4,0.0,0.0,0.0,0.0,93.9241,-3.0,-0.78895,109.62097,-2.22661,-0.95028,118.60957,-1.96934,-0.34738,134.97083,-2.37116,0.2164,141.36592,-3.05986,2.05688,131.6034,2.00931,5.16917,131.42029,6.35467,18.5511,111.28713,3.62325,30.6,92.61685,1.84556,-2.57125,131.55763,-6.81087,-6.01723,131.54064,-10.90078,-16.44297,110.02191,-15.38893,-33.57947,95.78017,-14.73768,0.62654,91.44559,3.33443,-13.98064,55.26497,1.11509,-28.71468,17.09232,-1.24289,-40.07864,14.18591,-2.00231,-0.40669,92.02844,-9.54995,4.11493,53.33576,-6.42505,23.78569,17.55069,-2.91891,16.34083,8.45473,-2.95282
1.43333,0.0,0.0,0.0,0.0,93.9241,-3.0,-0.97362,109.61976,-2.44269,-1.18946,118.60892,-2.25407,-0.46219,134.96597,-2.62011,0.15495,141.35488,-3.32026,1.93614,131.56964,1.74126,5.06823,131.33757,6.07003,18.63579,111.32869,3.34116,30.88087,92.79328,1.49403,-2.73271,131.58063,-7.05754,-6.19961,131.54565,-11.12962,-16.23306,109.8456,-15.63886,-32.99818,95.1626,-15.13783,0.71073,91.54417,3.36329,-15.18488,55.95182,0.56212,-26.65437,16.74183,-2.72885,-37.45885,12.11324,-2.78184,-0.43941,91.9302,-9.51859,4.65559,53.28487,-6.70551,26.69338,18.88666,-3.40368,20.24994,9.05606,-3.47453
1.46667,0.0,0.0,0.0,0.0,93.9241,-3.0,-1.13127,109.61628,-2.70313,-1.37285,118.60608,-2.59292,-0.41054,134.95233,-2.89298,0.27805,141.33121,-3.61753,1.96273,131.50263,1.44012,5.10146,131.20695,5.76019,18.57001,111.11585,3.14734,30.65017,92.44086,1.65396,-2.75477,131.61963,-7.33191,-6.22117,131.57866,-11.40438,-15.67304,109.65434,-16.08216,-31.71424,94.1766,-15.90771,0.80127,91.66231,3.39554,-15.90014,56.45742,0.39369,-24.43273,16.55369,-3.43908,-34.23481,10.06709,-3.35673,-0.48603,91.81303,-9.47826,4.69244,53.14744,-7.13518,28.96384,20.30684,-3.64275,24.18066,9.57343,-3.92326
1.5,0.0,0.0,0.0,0.0,93.9241,-3.0,-1.1023,109.6211,-2.96132,-1.27693,118.61308,-2.9303,0.0363,134.93605,-3.15812,0.8186,141.30218,-3.89949,2.31282,131.41898,1.17273,5.41256,131.00793,5.51148,18.50179,110.61942,3.30657,30.11968,91.61541,2.41911,-2.35571,131.67212,-7.6226,-5.77774,131.63649,-11.73246,-14.45468,109.4195,-16.52947,-29.42927,92.91031,-16.87483,0.82741,91.76848,3.42879,-15.73876,56.51096,0.29798,-20.75082,16.06704,-4.05764,-29.94213,8.74212,-3.8871,-0.52023,91.70552,-9.43957,3.89805,52.90636,-7.87813,30.1916,21.69364,-4.1075,27.92452,10.16214,-4.32795
1.53333,0.0,0.0,0.0,0.0,93.9241,-3.0,-0.68021,109.6448,-3.09629,-0.65495,118.63848,-3.10577,0.89934,134.94137,-3.23274,1.77936,141.29534,-3.96884,3.0894,131.36775,1.0964,6.11491,130.86578,5.47776,18.45339,109.95151,3.9824,29.24825,90.4481,3.92181,-1.50459,131.73725,-7.734,-4.89169,131.74028,-11.87285,-12.30135,109.10525,-16.83748,-26.02724,91.56494,-17.75863,0.84626,91.80558,3.43866,-15.40143,56.3769,0.58327,-16.28561,15.69439,-4.31105,-25.34248,8.20352,-4.15757,-0.65671,91.66181,-9.41183,1.40954,52.63642,-9.12255,29.81623,23.35633,-5.18061,30.62137,11.63278,-4.90893
1.56667,0.0,0.0,0.0,0.0,93.9241,-3.0,-0.12847,109.65826,-3.17868,0.11017,118.64876,-3.21095,1.70374,134.94835,-3.21341,2.64689,141.29706,-3.91598,3.82352,131.34253,1.124,6.73021,130.77778,5.57757,18.02167,109.23907,4.89383,27.61094,89.14241,5.93595,-0.64308,131.77818,-7.76851,-3.95101,131.78032,-11.9709,-10.00785,108.79757,-17.16734,-22.30434,90.26883,-18.7143,0.81507,91.81125,3.44454,-14.7199,56.03443,0.99165,-12.15599,15.52432,-4.67933,-21.21291,8.03344,-4.52911,-0.77927,91.65239,-9.39475,-3.07906,52.64603,-10.13542,27.23889,25.28397,-6.67961,30.92576,14.14815,-5.92856
1.6,0.0,0.0,0.0,0.0,93.9241,-3.0,0.1758,109.6551,-3.34188,0.51458,118.64196,-3.43544,2.04471,134.94753,-3.38056,3.0082,141.29908,-4.0277,4.05285,131.34631,1.01344,6.77875,130.75941,5.5771,16.74806,108.56882,5.84421,24.71795,87.87768,8.14052,-0.15798,131.77211,-8.00348,-3.33908,131.73366,-12.3025,-8.13538,108.50369,-17.71169,-18.81103,89.05742,-19.89895,0.71054,91.86372,3.47384,-13.33436,55.45283,1.39541,-8.52817,15.26162,-5.03658,-17.58482,7.77074,-4.87095,-0.75953,91.6008,-9.37857,-7.49523,53.11884,-10.42874,23.84898,26.87238,-7.51899,28.41225,16.04082,-7.38701
1.63333,0.0,0.0,0.0,0.0,93.9241,-3.0,0.36925,109.65208,-3.32664,0.7638,118.63668,-3.41792,2.19198,134.9514,-3.3391,3.14302,141.31127,-3.91944,4.07191,131.36918,1.12656,6.58597,130.79204,5.81148,14.87158,107.96377,7.26041,20.80305,86.77055,10.80729,0.16658,131.75558,-8.02856,-2.86055,131.66526,-12.4366,-6.47613,108.26453,-18.02488,-15.37192,88.03093,-20.91922,0.66495,91.84939,3.4741,-11.32053,54.68864,1.81299,-5.16193,14.75552,-5.05872,-14.2183,7.26463,-4.87927,-0.76785,91.61597,-9.38308,-11.30379,53.99249,-10.27836,20.18391,27.90265,-7.51283,23.54058,16.74371,-9.05371
1.66667,0.0,0.0,0.0,0.0,93.9241,-3.0,0.44759,109.65316,-3.09287,0.85772,118.63752,-3.10357,2.18036,134.96121,-3.04155,3.10821,141.32932,-3.56649,3.9855,131.40358,1.47434,6.32051,130.87594,6.25674,12.45895,107.5058,9.09163,15.98142,86.01184,13.83691,0.27763,131.73941,-7.7645,-2.61202,131.6089,-12.26287,-5.03406,108.11053,-18.08142,-12.05888,87.27561,-21.75141,0.75772,91.7471,3.43017,-9.24612,53.9903,2.13401,-2.1062,14.23334,-4.80922,-11.16277,6.74249,-4.63802,-0.88245,91.71796,-9.4043,-14.45348,55.07176,-9.87014,15.61755,27.36043,-7.10989,17.70249,16.29088,-10.4687
1.7,0.0,0.0,0.0,0.0,93.9241,-3.0,0.44643,109.65201,-2.78583,0.84294,118.63646,-2.6882,2.06591,134.968,-2.65651,2.95366,141.34486,-3.14311,3.86394,131.43198,1.87915,6.06479,130.98069,6.73246,9.7775,107.31013,10.95163,10.54375,85.8554,16.95353,0.21282,131.72366,-7.38376,-2.58599,131.57908,-11.93878,-3.82114,108.06343,-18.05303,-8.85594,86.81548,-22.5348,0.94456,91.61712,3.35974,-6.96858,53.36069,2.28259,0.73595,13.67486,-4.46116,-8.32072,6.184,-4.29601,-1.06896,91.84826,-9.41942,-16.94166,56.1359,-9.28413,10.23994,25.5435,-7.03268,10.74835,14.67073,-11.46978
1.73333,0.0,0.0,0.0,0.0,93.9241,-3.0,0.38974,109.64737,-2.5111,0.74681,118.63169,-2.30704,1.85648,134.97128,-2.256,2.68731,141.35748,-2.72002,3.68734,131.44189,2.27168,5.79523,131.06391,7.17229,7.02604,107.39482,12.66228,4.68694,86.4528,19.93384,0.01726,131.72034,-6.98413,-2.72485,131.57195,-11.57339,-2.83394,108.12048,-18.04733,-5.83902,86.66288,-23.28682,1.1212,91.50653,3.28958,-4.46382,52.83989,2.27406,3.41127,13.12946,-4.11871,-5.64532,5.63861,-3.94862,-1.22981,91.96015,-9.42582,-18.61212,56.9699,-8.49186,4.29323,23.00863,-7.1577,2.63372,12.33372,-11.78973
1.76666,0.0,0.0,0.0,0.0,93.9241,-3.0,0.27345,109.64185,-2.30007,0.56369,118.6261,-2.00661,1.54383,134.97371,-1.90151,2.31406,141.36888,-2.34614,3.41637,131.4432,2.60822,5.46835,131.12356,7.53663,4.37113,107.74382,14.17476,-1.29133,87.91596,22.64281,-0.28388,131.72478,-6.63548,-2.99637,131.57406,-11.24223,-2.05644,108.25531,-18.11592,-3.11544,86.78926,-24.03187,1.29007,91.42939,3.22678,-1.89885,52.49278,2.17612,6.07906,12.73327,-3.76839,-2.97722,5.24241,-3.58292,-1.36627,92.03883,-9.42182,-19.09059,57.25245,-7.66389,-1.90392,20.04913,-7.08592,-5.95388,9.86671,-11.33795
1.8,0.0,0.0,0.0,0.0,93.9241,-3.0,0.10082,109.63941,-2.20564,0.30174,118.62435,-1.86245,1.15502,134.9784,-1.68174,1.87332,141.38115,-2.10383,3.06915,131.44105,2.8051,5.09086,131.16646,7.74872,1.97282,108.29179,15.42386,-7.06772,90.23142,24.85823,-0.66226,131.73803,-6.42558,-3.36258,131.59914,-11.03985,-1.42445,108.45291,-18.27801,-0.72032,87.12909,-24.73634,1.42339,91.40683,3.18853,0.32249,52.36056,1.96024,8.44383,12.54761,-3.40412,-0.61249,5.05673,-3.22139,-1.45148,92.06206,-9.40989,-18.8373,57.14215,-7.02928,-8.98025,17.36039,-6.79863,-15.11119,7.92309,-10.19165
1.83333,0.0,0.0,0.0,0.0,93.9241,-3.0,-0.12207,109.64217,-2.26535,-0.03221,118.6291,-1.92755,0.68989,134.98815,-1.65197,1.36121,141.39794,-2.04332,2.64769,131.43974,2.80722,4.66135,131.22564,7.75711,-0.17502,109.00085,16.39128,-12.26228,93.19829,26.44576,-1.11732,131.76148,-6.40898,-3.81221,131.65458,-11.02727,-0.97589,108.70339,-18.5833,1.25752,87.6177,-25.46201,1.60061,91.45349,3.16399,2.48879,52.41306,1.61853,10.98301,12.59973,-3.13017,1.92691,5.10885,-2.93732,-1.5666,92.01463,-9.36871,-17.33582,56.34744,-6.81589,-16.04735,15.38681,-6.20788,-24.05598,7.11869,-8.58768
1.86666,0.0,0.0,0.0,0.0,93.9241,-3.0,-0.29008,109.64971,-2.5171,-0.28149,118.63981,-2.26167,0.36356,135.00061,-1.90938,0.98271,141.41803,-2.25958,2.35672,131.44004,2.52438,4.3686,131.30065,7.47766,-1.88018,109.7972,16.98739,-16.50012,96.51373,27.31805,-1.44787,131.78842,-6.67458,-4.14067,131.73094,-11.29497,-0.56944,108.97683,-19.13027,2.70649,88.12352,-26.29398,1.78008,91.57383,3.16183,4.3105,52.61471,1.3966,13.73461,12.96715,-2.96921,4.67891,5.47627,-2.75831,-1.69924,91.89219,-9.2964,-14.48877,55.03246,-7.03315,-22.4055,14.85028,-5.44527,-31.92435,8.09058,-6.80963
1.9,0.0,0.0,0.0,0.0,93.9241,-3.0,-0.41965,109.6527,-2.78233,-0.47096,118.64472,-2.61512,0.12944,135.00557,-2.19294,0.70525,141.42873,-2.51019,2.14422,131.43126,2.21994,4.16056,131.34888,7.17269,-3.26973,110.61167,17.49933,-19.71741,99.6656,27.82274,-1.68561,131.80918,-6.96737,-4.37685,131.78468,-11.58896,-0.31123,109.19703,-19.6614,3.42701,88.48264,-26.99969,1.88748,91.69553,3.17507,5.84707,52.85061,1.52385,16.77368,13.57457,-2.69571,7.71792,6.08371,-2.48615,-1.77054,91.76966,-9.23573,-15.42288,55.23781,-6.7115,-27.19304,16.04397,-4.45117,-37.69368,10.8158,-5.2037
1.93333,0.0,0.0,0.0,0.0,93.9241,-3.0,-0.4804,109.65222,-2.91258,-0.5575,118.64467,-2.78178,0.0355,135.00375,-2.28691,0.58619,141.43065,-2.57136,2.06578,131.41047,2.10341,4.1136,131.3407,7.04341,-4.38922,111.39226,18.07257,-21.90112,102.20553,28.36106,-1.79258,131.82814,-7.07023,-4.49316,131.78703,-11.68626,-0.21323,109.31511,-19.9682,3.72956,88.69182,-27.45452,1.94783,91.75572,3.17776,7.65586,53.11885,1.78396,20.2478,14.3214,-2.21658,11.19203,6.83036,-2.01423,-1.81396,91.7096,-9.20212,-15.51791,55.2329,-6.20438,-29.82463,16.95382,-3.06866,-40.93674,13.18287,-3.75016
1.96666,0.0,0.0,0.0,0.0,93.9241,-3.0,-0.42661,109.65402,-2.99954,-0.48734,118.64688,-2.89079,0.08803,135.00454,-2.33243,0.6182,141.43469,-2.58031,2.14676,131.39599,2.03203,4.23092,131.32934,6.95685,-5.00481,111.98371,18.46028,-23.10124,104.04362,28.77481,-1.76224,131.84614,-7.11861,-4.48531,131.77636,-11.72106,-0.27235,109.35323,-20.16794,3.61627,88.76254,-27.77144,1.98242,91.7844,3.17675,8.36639,53.24221,2.13907,23.5818,15.39361,-1.83303,14.81424,7.5674,-1.62331,-1.86354,91.68042,-9.17688,-15.51607,55.2137,-5.84214,-29.76154,16.94269,-2.34934,-40.99925,13.56228,-3.02028
2.0,0.0,0.0,0.0,0.0,93.9241,-3.0,-0.39825,109.65149,-2.67927,-0.44911,118.64195,-2.44213,0.11175,134.99895,-1.85058,0.65308,141.42879,-2.08157,2.17705,131.38332,2.50491,4.28228,131.29838,7.42048,-5.18583,112.20727,19.15783,-23.45303,104.85133,29.60364,-1.73922,131.84869,-6.64186,-4.47648,131.74611,-11.23526,-0.61653,109.28075,-19.73842,2.95512,88.6436,-27.3714,1.93157,91.65403,3.14626,8.8697,53.20188,2.35468,26.85773,16.55425,-1.27648,18.66765,8.12583,-1.05788,-1.82059,91.81149,-9.23563,-15.7784,55.52423,-5.26729,-27.9907,16.59733,-1.34817,-38.68109,11.8822,-2.63145
2.03333,0.0,0.0,0.0,0.0,93.9241,-3.0,-0.50952,109.62761,-2.13258,-0.57786,118.61038,-1.69394,0.09577,134.96482,-1.15144,0.6799,141.39148,-1.36608,2.12629,131.34836,3.21969,4.26368,131.21961,8.1204,-5.04061,112.09736,19.93778,-23.05966,104.49627,30.63604,-1.76667,131.81275,-5.93708,-4.51442,131.67618,-10.52333,-1.18735,109.0995,-18.95655,1.89531,88.3629,-26.53294,1.89017,91.45255,3.08106,9.1474,53.05136,3.198,29.83602,17.82843,-0.13795,22.73113,8.46446,-0.14956,-1.74818,92.01963,-9.32278,-15.84786,55.84943,-4.82277,-25.85576,16.33276,-0.57094,-35.58071,9.92728,-2.17053
2.06666,0.0,0.0,0.0,0.0,93.9241,-3.0,-0.65008,109.58729,-1.63828,-0.72117,118.5597,-1.02359,0.20413,134.90456,-0.5705,0.86294,141.3239,-0.78813,2.20669,131.28004,3.80684,4.37425,131.07478,8.69167,-4.34509,111.54595,20.28817,-21.70114,103.00234,31.36471,-1.73576,131.75675,-5.32809,-4.51409,131.58544,-9.89471,-1.94145,108.84117,-18.13942,0.44388,87.9625,-25.57595,1.89839,91.27823,3.00467,8.47264,52.77367,4.23386,32.01189,19.38699,0.91182,26.72278,8.89038,0.81214,-1.71724,92.20519,-9.38414,-16.07951,56.1932,-4.46523,-22.67482,16.01553,0.23157,-31.64912,8.56282,-1.21154
2.1,0.0,0.0,0.0,0.0,93.9241,-3.0,-0.53764,109.5693,-1.40284,-0.51673,118.53674,-0.71603,0.65712,134.8683,-0.37243,1.40725,141.2764,-0.62312,2.62899,131.24165,4.01706,4.80136,130.98211,8.89718,-2.84556,110.65747,19.86596,-19.07184,100.51978,31.30495,-1.35617,131.72019,-5.09922,-4.16967,131.57782,-9.64526,-2.65708,108.61038,-17.52587,-1.25117,87.5417,-24.67045,1.84576,91.17255,2.97351,6.51867,52.43012,5.09959,32.6263,21.04786,1.44596,30.21144,9.54488,1.33002,-1.69593,92.31588,-9.41858,-15.9347,56.29932,-4.18419,-18.03663,15.67189,0.79549,-26.98544,8.18096,-0.60745
2.13333,0.0,0.0,0.0,0.0,93.9241,-3.0,-0.13224,109.57848,-1.40777,0.0587,118.54562,-0.74368,1.30432,134.87374,-0.50475,2.11366,141.27292,-0.79568,3.28037,131.26528,3.89784,5.47557,130.97696,8.76611,-0.82349,109.77666,18.90266,-15.42806,97.51373,30.44573,-0.74381,131.70574,-5.20321,-3.61584,131.63522,-9.71419,-3.3377,108.47587,-17.16153,-3.07781,87.25045,-23.96777,1.70742,91.12514,2.99259,2.81137,52.17237,5.9583,31.39747,23.03043,2.29974,32.26824,11.31776,1.83212,-1.67057,92.36073,-9.43629,-14.97143,56.02435,-3.95102,-13.618,15.38816,1.21342,-22.57022,7.89734,-0.16826
2.16666,0.0,0.0,0.0,0.0,93.9241,-3.0,0.27753,109.59162,-1.56334,0.62206,118.55917,-0.97047,1.84889,134.88935,-0.78014,2.66582,141.28586,-1.10638,3.89159,131.29196,3.60104,6.15996,130.97753,8.43402,1.31315,108.98415,17.63622,-11.24182,94.40786,28.89766,-0.2609,131.70963,-5.44327,-3.2401,131.6763,-9.88463,-4.31429,108.43008,-16.98074,-5.90873,87.12607,-23.34531,1.58175,91.14074,3.0342,-2.35184,52.4016,6.37155,28.09944,25.1332,3.3787,31.78624,14.01482,2.40266,-1.65909,92.34147,-9.43455,-13.95869,55.66073,-3.90488,-9.72761,15.25436,1.50129,-18.67952,7.76349,0.11794
2.2,0.0,0.0,0.0,0.0,93.9241,-3.0,0.34405,109.60543,-1.73908,0.71072,118.57686,-1.22321,1.91766,134.90907,-1.08916,2.73213,141.30418,-1.44766,4.0484,131.32348,3.25964,6.40961,130.9893,8.04661,3.1619,108.29898,16.20031,-6.95115,91.50408,26.81034,-0.27586,131.71692,-5.70491,-3.38194,131.69373,-10.05856,-5.9116,108.4734,-16.86388,-9.75108,87.28621,-22.6321,1.52873,91.20194,3.07564,-6.71498,53.11475,6.03193,24.83766,27.09663,3.33163,28.77342,16.02163,3.19835,-1.6246,92.27642,-9.42702,-12.51255,55.0998,-4.26123,-6.32636,15.01946,1.66329,-15.27454,7.52858,0.25606
2.23333,0.0,0.0,0.0,0.0,93.9241,-3.0,0.25304,109.62401,-1.96993,0.5739,118.60235,-1.55332,1.72238,134.93922,-1.49137,2.51208,141.33465,-1.89638,3.93092,131.37607,2.83701,6.37514,131.00779,7.57961,5.00552,107.74915,14.58251,-2.43901,89.09359,24.25021,-0.52789,131.72358,-6.06329,-3.7492,131.70165,-10.33238,-7.75878,108.60039,-16.8247,-13.95299,87.77767,-21.82044,1.46451,91.30053,3.13455,-10.69977,54.23824,5.53229,20.85352,28.19431,3.10188,23.71096,16.85014,4.24572,-1.53502,92.17265,-9.4216,-10.76383,54.50865,-4.56504,-3.20371,14.71711,1.70236,-12.15002,7.22615,0.28368
2.26666,0.0,0.0,0.0,0.0,93.9241,-3.0,0.09941,109.64015,-2.22016,0.33935,118.6251,-1.90352,1.37591,134.96954,-1.87877,2.13248,141.36626,-2.32473,3.63595,131.42977,2.4422,6.14907,131.02444,7.1456,6.89062,107.38697,12.85535,2.28258,87.32285,21.40593,-0.8808,131.72996,-6.43057,-4.17494,131.71909,-10.64376,-9.61538,108.80879,-16.76053,-18.21266,88.64191,-20.79724,1.3503,91.41234,3.20712,-13.99234,55.51129,4.95383,16.16106,27.8298,2.87768,17.81434,16.43577,5.24543,-1.378,92.05635,-9.42444,-9.00515,54.02121,-4.68222,-0.34941,14.46813,1.67665,-9.29589,6.9772,0.25887
2.3,0.0,0.0,0.0,0.0,93.9241,-3.0,-0.0271,109.65151,-2.48996,0.1312,118.64142,-2.28138,1.00293,134.99551,-2.28885,1.70816,141.39551,-2.77038,3.29303,131.48751,2.04219,5.85384,131.06163,6.71798,8.87885,107.30742,11.01541,7.16222,86.29709,18.26346,-1.21521,131.72406,-6.83682,-4.55593,131.737,-11.01318,-11.26842,109.06962,-16.76015,-22.22148,89.88113,-19.71703,1.22242,91.52893,3.27929,-16.93599,56.93913,4.35181,10.43042,26.4658,2.84865,10.38208,15.17077,6.10186,-1.21487,91.93659,-9.42142,-7.14402,53.57628,-4.87542,2.3853,14.23365,1.53961,-6.5629,6.74285,0.13211
2.33333,0.0,0.0,0.0,0.0,93.9241,-3.0,-0.18819,109.65585,-2.70191,-0.12832,118.6486,-2.58319,0.55536,135.01151,-2.64224,1.20583,141.41524,-3.1506,2.87233,131.54433,1.70734,5.47651,131.11802,6.35907,10.71608,107.53233,9.21261,11.87118,86.04002,15.01452,-1.61105,131.69986,-7.18604,-4.97205,131.72006,-11.34607,-12.87018,109.34227,-16.7079,-25.94068,91.38758,-18.63199,1.13288,91.62465,3.33164,-18.68433,57.94213,3.64525,4.28568,24.00488,2.97838,1.99684,12.982,6.35787,-1.08044,91.83966,-9.41471,-4.99735,53.20546,-5.01129,4.99317,13.98076,1.42419,-3.95651,6.48985,0.0266
2.36666,0.0,0.0,0.0,0.0,93.9241,-3.0,-0.40308,109.65381,-2.83911,-0.45534,118.64719,-2.77975,0.07121,135.01566,-2.88907,0.68408,141.42091,-3.4242,2.41445,131.5845,1.47498,5.06899,131.17671,6.09983,12.33969,108.00564,7.55566,16.21713,86.46388,11.77865,-2.05605,131.66917,-7.42584,-5.42064,131.67163,-11.583,-14.37043,109.61471,-16.61178,-29.21017,93.00822,-17.56962,1.05875,91.69277,3.36874,-19.273,58.319,2.99004,-2.49846,20.92372,2.88658,-7.15794,10.55227,5.8675,-0.94643,91.77211,-9.41358,-2.57176,52.97721,-4.98097,7.51698,13.75384,1.30776,-1.43121,6.2629,-0.09906
2.4,0.0,0.0,0.0,0.0,93.9241,-3.0,-0.65811,109.64572,-2.90139,-0.83002,118.63777,-2.87669,-0.4286,135.00906,-3.06582,0.15344,141.41484,-3.62837,1.9325,131.61749,1.3195,4.64189,131.24959,5.91578,13.66076,108.65528,6.11087,20.03377,87.45469,8.72531,-2.5215,131.62407,-7.59,-5.88791,131.60694,-11.74565,-15.68606,109.85063,-16.49483,-31.90225,94.5555,-16.56524,0.98736,91.73089,3.3934,-18.54118,57.89023,2.51116,-9.78302,17.85161,2.42781,-16.87971,8.74297,4.62631,-0.80396,91.73624,-9.42088,0.14168,52.93094,-4.88343,9.99102,13.60436,1.1343,1.05804,6.09466,-0.26914
2.43333,0.0,0.0,0.0,0.0,93.9241,-3.0,-0.86119,109.63515,-2.81674,-1.11898,118.62508,-2.77448,-0.78627,134.9964,-3.06638,-0.22227,141.4002,-3.66839,1.58163,131.64258,1.34423,4.35536,131.34257,5.90696,14.83088,109.40272,5.01968,23.29106,88.8068,6.09153,-2.85716,131.57411,-7.57258,-6.22517,131.55664,-11.72693,-16.67523,110.05629,-16.24655,-33.82923,95.83397,-15.63265,0.89832,91.70281,3.39683,-16.39669,56.67606,2.23852,-16.98867,15.70202,1.47668,-26.36911,8.7047,2.57595,-0.65834,91.76727,-9.4479,1.61207,53.00415,-5.02078,12.3101,13.88716,0.91358,3.61482,6.09455,-0.43951
2.46666,0.0,0.0,0.0,0.0,93.9241,-3.0,-0.97042,109.62469,-2.59744,-1.26298,118.61292,-2.48233,-0.93255,134.98263,-2.85577,-0.37549,141.38346,-3.49469,1.42345,131.65156,1.57839,4.24124,131.43613,6.11884,15.96257,110.19523,4.29804,26.05115,90.31911,4.02297,-2.99,131.53725,-7.35053,-6.35153,131.55179,-11.51014,-17.27463,110.25441,-15.86933,-34.99606,96.77393,-14.80228,0.77001,91.6107,3.3809,-13.59736,55.29468,1.94663,-23.10847,15.45355,0.52312,-33.93132,10.87188,0.71729,-0.49959,91.86229,-9.49308,2.3427,53.13048,-5.12243,14.92632,14.58173,0.83144,6.49514,6.49892,-0.49028
2.5,0.0,0.0,0.0,0.0,93.9241,-3.0,-1.16316,109.61076,-2.56623,-1.53574,118.59586,-2.43907,-1.24805,134.96588,-2.83384,-0.68795,141.36393,-3.4975,1.08217,131.64781,1.62364,3.90032,131.46241,6.16519,16.70164,110.93689,3.57477,28.03556,91.78938,2.2219,-3.26034,131.50827,-7.33964,-6.58813,131.52594,-11.52628,-17.79999,110.35849,-15.78406,-35.78577,97.2559,-14.4631,0.7143,91.6012,3.38393,-14.03946,55.4725,1.29209,-27.13361,16.69268,-0.82261,-38.53122,13.87302,-0.26803,-0.39017,91.87568,-9.50481,2.95108,53.16361,-5.316,17.80758,15.41964,0.55595,9.62819,7.07513,-0.72083
2.53333,0.0,0.0,0.0,0.0,93.9241,-3.0,-1.33799,109.59818,-2.61896,-1.78697,118.58008,-2.51421,-1.54784,134.95018,-2.93702,-0.98282,141.34655,-3.61257,0.75968,131.64761,1.54371,3.55647,131.4733,6.09889,17.13148,111.51121,3.07978,29.36656,93.00883,0.87068,-3.51577,131.47804,-7.45123,-6.80748,131.47607,-11.66633,-18.03639,110.31926,-15.93205,-36.01144,97.20893,-14.54365,0.70396,91.62764,3.39463,-13.98118,55.50971,0.71609,-28.48239,17.28075,-2.12361,-39.94599,14.9083,-1.06476,-0.33111,91.85274,-9.50082,3.83023,53.17902,-5.71128,20.86376,16.3495,0.05484,13.07373,7.62368,-1.10233
2.56666,0.0,0.0,0.0,0.0,93.9241,-3.0,-1.3609,109.59622,-2.61948,-1.81547,118.5779,-2.51929,-1.56282,134.94701,-2.97111,-0.98967,141.34331,-3.64049,0.74354,131.65044,1.51463,3.52723,131.51128,6.07903,17.45875,111.8079,2.98543,30.17195,93.69651,0.28962,-3.53526,131.46855,-7.47847,-6.83213,131.44799,-11.6895,-17.69044,110.13694,-16.1428,-35.37796,96.62772,-14.89242,0.69761,91.62802,3.39547,-14.01951,55.54834,0.39625,-26.92346,16.80168,-3.06607,-38.18115,13.65371,-1.83391,-0.31838,91.85291,-9.5015,4.66296,53.24969,-5.99267,23.93448,17.51421,-0.39028,16.91315,8.13536,-1.33977
2.6,0.0,0.0,0.0,0.0,93.9241,-3.0,-1.49032,109.58811,-2.82653,-1.9841,118.56823,-2.80014,-1.64843,134.93591,-3.24986,-1.03812,141.32749,-3.93136,0.65256,131.62671,1.22933,3.42878,131.47002,5.79771,17.41475,111.78514,2.83482,30.21021,93.72712,0.1703,-3.65041,131.46846,-7.75268,-6.94389,131.38962,-11.96567,-17.12928,109.80324,-16.67538,-34.15872,95.4465,-15.78473,0.73135,91.72003,3.424,-15.67877,56.37954,0.40895,-24.48929,16.56285,-3.69085,-34.92276,11.1909,-3.02109,-0.31605,91.76316,-9.47234,4.8116,53.10764,-6.86622,26.69053,18.83393,-1.72537,20.83215,8.64794,-2.02271
2.63333,0.0,0.0,0.0,0.0,93.9241,-3.0,-1.61568,109.57614,-3.124,-2.12166,118.55527,-3.20429,-1.55084,134.91648,-3.65252,-0.87175,141.29806,-4.36209,0.65082,131.5767,0.85382,3.38144,131.33226,5.44577,17.20466,111.49181,2.77076,29.76117,93.20339,0.58367,-3.54846,131.47607,-8.17797,-6.77346,131.33827,-12.4421,-16.05293,109.39054,-17.34962,-32.03475,93.85415,-17.01342,0.7373,91.84723,3.46557,-15.89942,56.65772,-0.03448,-21.98592,16.34948,-4.27748,-31.44637,9.38585,-3.86349,-0.28706,91.63929,-9.43102,4.82104,52.9382,-7.56919,29.01367,20.24657,-2.49207,24.78135,9.28096,-2.57221
2.66666,0.0,0.0,0.0,0.0,93.9241,-3.0,-1.39307,109.59327,-3.38584,-1.7621,118.57743,-3.57469,-0.88037,134.92368,-4.06329,-0.10852,141.29313,-4.78688,1.18647,131.55871,0.48793,3.83449,131.21589,5.12178,17.10047,110.92159,3.11275,29.03214,92.14239,1.73719,-2.86887,131.50582,-8.60979,-6.02017,131.34523,-12.92789,-13.93189,108.90043,-17.98073,-28.49327,92.02545,-18.3155,0.73052,91.94725,3.49762,-15.73373,56.73963,-0.58698,-17.72569,16.01258,-4.72736,-26.7784,8.5218,-4.41087,-0.34232,91.5345,-9.3901,3.65279,52.66959,-8.44537,30.03579,21.67352,-3.65125,28.43319,10.03724,-3.21268
2.7,0.0,0.0,0.0,0.0,93.9241,-3.0,-0.85147,109.6276,-3.53591,-0.99135,118.61644,-3.79751,0.02537,134.95417,-4.3082,0.88716,141.31346,-5.01953,2.03561,131.58063,0.262,4.59968,131.20258,4.94011,16.81691,110.18809,3.93449,27.62147,90.69144,3.6946,-1.96129,131.54447,-8.86163,-5.05192,131.37155,-13.22289,-11.18481,108.40825,-18.41615,-23.99661,90.19609,-19.45838,0.76589,91.9907,3.50661,-15.14341,56.57469,-0.958,-13.05989,15.85566,-5.13199,-22.11382,8.36471,-4.85675,-0.52862,91.48148,-9.35727,0.45664,52.41313,-9.19261,29.23014,23.50976,-5.1326,30.82057,11.90456,-4.15613
2.73333,0.0,0.0,0.0,0.0,93.9241,-3.0,-0.29754,109.64369,-3.64658,-0.23,118.63123,-3.97349,0.77015,134.96813,-4.54021,1.67921,141.32213,-5.23984,2.72977,131.61655,0.06798,5.17092,131.22662,4.81043,15.98956,109.43615,4.92651,25.17566,89.15881,6.09286,-1.15668,131.53665,-9.10297,-4.15085,131.29464,-13.52777,-8.51039,107.95463,-18.83191,-19.20042,88.47135,-20.57434,0.74053,92.01139,3.51566,-14.39914,56.2793,-1.10389,-9.01929,15.88776,-5.50655,-18.07346,8.39697,-5.23504,-0.65762,91.4563,-9.33548,-4.8541,52.60165,-9.53475,25.82593,25.5533,-6.9032,30.2809,14.75636,-5.58301
2.76666,0.0,0.0,0.0,0.0,93.9241,-3.0,-0.0885,109.64061,-3.77182,0.0501,118.62423,-4.17505,1.00263,134.95924,-4.86487,1.9358,141.31226,-5.54137,2.86838,131.6563,-0.1832,5.15328,131.29474,4.63869,14.28941,108.78873,6.01392,21.3885,87.84406,8.81377,-0.80634,131.47998,-9.43968,-3.68204,131.1524,-13.93696,-6.35166,107.57185,-19.29662,-14.59422,87.00547,-21.74517,0.70219,92.05368,3.53216,-12.98367,55.74965,-1.16323,-5.44813,15.72707,-5.7689,-14.50182,8.23626,-5.48236,-0.67753,91.41487,-9.31708,-9.40818,53.32193,-9.12448,22.11224,27.19875,-7.16331,26.93153,16.47784,-7.15183
2.8,0.0,0.0,0.0,0.0,93.9241,-3.0,0.00611,109.64481,-3.68672,0.17196,118.62776,-4.09444,1.05347,134.95828,-4.9621,1.99116,141.31158,-5.62961,2.84551,131.72145,-0.20604,4.98592,131.38678,4.68361,12.16716,108.31262,7.49321,16.6953,86.97315,12.07994,-0.64892,131.41506,-9.52871,-3.40273,130.98055,-14.09273,-4.51458,107.27552,-19.45285,-10.04663,85.92861,-22.71117,0.75309,92.01383,3.51493,-11.01404,55.03391,-1.10597,-2.07933,15.30998,-5.79462,-11.13239,7.81908,-5.49104,-0.75479,91.45356,-9.32357,-13.30802,54.45374,-8.44978,17.81906,27.83542,-6.90927,21.03195,16.69707,-8.85299
2.83333,0.0,0.0,0.0,0.0,93.9241,-3.0,0.03266,109.65362,-3.43978,0.19418,118.63898,-3.79234,0.9661,134.96356,-4.85458,1.88246,141.31832,-5.53758,2.74508,131.79832,-0.04573,4.78138,131.53034,4.89226,9.69192,108.10239,9.2395,11.20983,86.7717,15.5334,-0.67646,131.3524,-9.38978,-3.34425,130.83193,-13.9957,-2.89919,107.11119,-19.3831,-5.59252,85.34999,-23.39645,0.89251,91.90968,3.46577,-8.89348,54.33181,-0.94675,1.0513,14.85301,-5.67212,-8.00201,7.36212,-5.37589,-0.90161,91.55525,-9.34322,-16.47663,55.74876,-7.71593,12.37584,26.6607,-6.61019,13.79114,15.6202,-10.38748
2.86666,0.0,0.0,0.0,0.0,93.9241,-3.0,0.0517,109.6592,-3.12759,0.2009,118.64793,-3.38742,0.84226,134.96933,-4.57759,1.71622,141.32774,-5.28194,2.64601,131.85624,0.25601,4.60147,131.69289,5.2311,7.16152,108.19523,10.99188,5.34082,87.38635,18.77591,-0.77087,131.3097,-9.08441,-3.38407,130.75019,-13.71697,-1.52372,107.12849,-19.23513,-1.34441,85.33914,-23.93651,1.03983,91.78003,3.40174,-6.59927,53.66484,-0.62426,3.99665,14.37678,-5.52105,-5.05528,6.88594,-5.18434,-1.05424,91.68335,-9.36619,-18.72135,56.90468,-6.98901,6.13296,24.31788,-6.58059,5.19661,13.57452,-11.25681
2.9,0.0,0.0,0.0,0.0,93.9241,-3.0,0.03315,109.65947,-2.9037,0.14691,118.65072,-3.08165,0.62804,134.97716,-4.27824,1.4303,141.34418,-4.98999,2.47629,131.88297,0.55069,4.37031,131.81814,5.55174,4.63251,108.53769,12.61097,-0.65315,88.82558,21.57814,-0.96363,131.30085,-8.77911,-3.54732,130.71992,-13.42557,-0.40049,107.28606,-19.15683,2.42184,85.80402,-24.39775,1.20129,91.69023,3.3425,-4.18965,53.14457,-0.19336,6.80644,13.99024,-5.27545,-2.24421,6.49937,-4.90665,-1.21052,91.77307,-9.36934,-19.81577,57.54349,-6.28483,-0.69466,21.29199,-6.40587,-4.26295,11.10925,-11.06878
2.93333,0.0,0.0,0.0,0.0,93.9241,-3.0,-0.07779,109.65811,-2.78286,-0.03718,118.65102,-2.89719,0.28223,134.98849,-3.99306,1.01696,141.36548,-4.68839,2.17598,131.88233,0.81048,4.02086,131.89412,5.83028,2.22939,109.07188,14.06537,-6.50128,91.0341,23.82906,-1.28845,131.32505,-8.51177,-3.84587,130.76004,-13.17469,0.39745,107.55937,-19.14285,4.31468,86.27866,-24.49987,1.35357,91.65116,3.2978,-1.78811,52.81092,0.3149,9.59497,13.79661,-4.98724,0.54433,6.30576,-4.6176,-1.33189,91.81252,-9.35831,-19.64527,57.4727,-5.79024,-7.90639,18.20549,-6.08687,-13.93862,8.88045,-9.93648
2.96666,0.0,0.0,0.0,0.0,93.9241,-3.0,-0.23748,109.6572,-2.84036,-0.28264,118.65018,-2.94718,-0.08049,134.99955,-3.88163,0.5907,141.38826,-4.53204,1.847,131.85934,0.88623,3.65248,131.92459,5.91992,0.05166,109.73814,15.22992,-11.82619,93.86147,25.41637,-1.63676,131.3701,-8.43264,-4.17097,130.86339,-13.11489,1.00436,107.91295,-19.31074,5.7903,86.84196,-24.78969,1.52827,91.69069,3.27191,0.60365,52.71948,0.49292,12.33362,13.8038,-4.77782,3.28369,6.31293,-4.39168,-1.46209,91.77325,-9.3164,-18.22601,56.63841,-5.87429,-15.38305,15.75198,-5.73121,-23.69366,7.86296,-8.35052
3.0,0.0,0.0,0.0,0.0,93.9241,-3.0,-0.41018,109.65435,-3.05748,-0.53627,118.64574,-3.2189,-0.39467,135.00383,-3.99919,0.22878,141.40224,-4.59992,1.55038,131.82581,0.73637,3.32645,131.93428,5.77977,-1.84206,110.47419,16.00873,-16.34159,97.02692,26.29709,-1.94365,131.41185,-8.5823,-4.46609,130.98702,-13.27903,1.50805,108.28535,-19.66961,7.02804,87.42953,-25.27988,1.71859,91.79855,3.26012,2.92049,52.831,0.53661,15.29769,14.10156,-4.6247,6.24808,6.6107,-4.23076,-1.60428,91.66618,-9.2441,-15.03716,55.06676,-6.5285,-22.42261,14.78253,-4.9669,-32.42478,8.83903,-6.63874
3.03333,0.0,0.0,0.0,0.0,93.9241,-3.0,-0.56487,109.6479,-3.23539,-0.75633,118.63726,-3.43994,-0.63686,135.00137,-4.08609,-0.04453,141.40711,-4.63827,1.31895,131.78711,0.62049,3.09069,131.92238,5.66477,-3.4205,111.21799,16.65628,-19.92074,100.1403,26.75294,-2.18768,131.44513,-8.69636,-4.70139,131.08461,-13.40314,1.86679,108.59795,-19.96855,7.92493,87.93257,-25.72633,1.86616,91.89054,3.24842,5.35855,53.05171,0.66374,18.62851,14.60363,-4.38176,9.57812,7.11276,-4.0064,-1.70875,91.57599,-9.18282,-15.65823,55.17031,-6.46756,-27.81071,16.09937,-4.10492,-38.66483,11.71224,-5.15602
3.06666,0.0,0.0,0.0,0.0,93.9241,-3.0,-0.75862,109.63902,-3.27944,-1.02178,118.62678,-3.47462,-0.88502,134.99567,-3.98114,-0.29605,141.406,-4.48112,1.08596,131.7389,0.68975,2.89375,131.87977,5.72107,-4.79149,111.91301,17.30323,-22.58408,102.75951,27.12934,-2.45887,131.48088,-8.61534,-4.97126,131.1504,-13.32503,1.88735,108.79003,-20.02343,8.20424,88.2371,-25.90434,1.97361,91.93477,3.22961,7.25253,53.27745,0.97628,22.0958,15.39411,-3.95653,13.18125,7.74085,-3.60717,-1.76221,91.53423,-9.15174,-15.96634,55.26039,-6.0236,-30.82449,17.20382,-2.74705,-42.11214,14.10417,-3.817
3.1,0.0,0.0,0.0,0.0,93.9241,-3.0,-0.89104,109.63441,-3.06589,-1.19351,118.6226,-3.15632,-0.99862,134.99419,-3.54243,-0.40234,141.40745,-3.99385,0.97887,131.69577,1.09638,2.82858,131.79463,6.11343,-5.73148,112.38022,18.01665,-24.24432,104.63973,27.7262,-2.6037,131.51956,-8.19616,-5.12928,131.16791,-12.89726,1.67311,108.8065,-19.64932,7.93432,88.25256,-25.58596,1.965,91.86557,3.20982,8.49998,53.37518,1.44462,25.51811,16.40273,-3.37456,17.03977,8.26639,-3.08927,-1.7167,91.60471,-9.19146,-15.8572,55.3477,-5.61244,-30.63797,17.30483,-1.86125,-41.91348,14.11222,-2.7743
3.13333,0.0,0.0,0.0,0.0,93.9241,-3.0,-0.97117,109.62513,-2.6169,-1.28788,118.61272,-2.51642,-1.01653,134.98522,-2.8052,-0.40555,141.39992,-3.21463,0.92224,131.65065,1.82409,2.75179,131.6754,6.84945,-6.11244,112.41287,18.77677,-24.98309,105.57458,28.4748,-2.61365,131.54532,-7.48738,-5.11361,131.16503,-12.19993,1.10669,108.61754,-18.89423,6.83854,87.89476,-24.77838,1.85951,91.69096,3.1819,9.53149,53.39184,1.89712,28.88828,17.55857,-2.69571,21.25799,8.61965,-2.50098,-1.58887,91.78191,-9.28866,-16.19834,55.80421,-4.87247,-28.93967,17.10712,-0.40067,-39.2935,11.76839,-1.969
3.16666,0.0,0.0,0.0,0.0,93.9241,-3.0,-1.13655,109.58936,-2.04072,-1.48164,118.57083,-1.72271,-1.04169,134.93918,-2.03831,-0.40655,141.35395,-2.40792,0.79992,131.59462,2.62333,2.59525,131.53811,7.66076,-6.17052,112.14437,19.4474,-24.99175,105.22901,29.18672,-2.60913,131.50609,-6.7355,-5.06825,131.10205,-11.46752,0.21115,108.27764,-18.03025,5.08087,87.3084,-23.8171,1.76949,91.47499,3.12629,9.29289,53.12493,3.06652,31.45008,18.88947,-1.03175,25.39687,8.82514,-1.51271,-1.45278,92.00785,-9.3936,-15.80772,56.00768,-4.36792,-26.27538,16.68668,0.54028,-35.75156,9.95372,-1.20121
3.2,0.0,0.0,0.0,0.0,93.9241,-3.0,-1.14519,109.55973,-1.648,-1.43852,118.53745,-1.19895,-0.7176,134.89315,-1.63187,-0.02176,141.30159,-2.00186,1.02266,131.55338,3.07196,2.77957,131.45142,8.1222,-5.51823,111.56527,19.4168,-23.80678,103.63256,29.39261,-2.29853,131.45152,-6.31827,-4.72514,131.04258,-11.06662,-0.58339,107.93828,-17.46449,3.23704,86.72951,-23.16566,1.68164,91.31462,3.08468,8.53499,52.84902,3.95756,33.23082,20.40143,-0.1744,29.39111,9.31781,-0.93171,-1.36252,92.17648,-9.46143,-16.42025,56.51621,-4.08146,-22.2141,16.22547,0.70298,-31.2993,8.89509,-0.67117
3.23333,0.0,0.0,0.0,0.0,93.9241,-3.0,-0.74072,109.57339,-1.52922,-0.84753,118.55389,-1.05342,0.03409,134.89886,-1.58336,0.78128,141.29995,-1.97953,1.70834,131.57234,3.1537,3.42435,131.46214,8.21781,-4.0217,110.80827,18.69899,-21.29162,101.08563,28.90367,-1.54633,131.443,-6.25946,-3.96922,131.05566,-11.01152,-1.03986,107.7166,-17.22459,1.65363,86.32011,-22.86786,1.5158,91.21922,3.08659,6.3479,52.49777,5.23891,33.46956,22.04339,1.14633,32.66243,10.40488,-0.28802,-1.30938,92.26807,-9.49645,-15.97399,56.49512,-3.78862,-17.48205,15.82369,1.04499,-26.46424,8.35696,-0.27095
3.26666,0.0,0.0,0.0,0.0,93.9241,-3.0,-0.12895,109.59546,-1.58432,-0.00519,118.57757,-1.14435,0.85017,134.9219,-1.73358,1.60131,141.32111,-2.15201,2.5646,131.61295,3.00141,4.31309,131.49484,8.05422,-2.20398,110.12873,17.69258,-17.94013,98.01931,27.82427,-0.76075,131.44883,-6.38646,-3.26489,131.07487,-11.0973,-1.47146,107.60242,-17.23918,-0.99395,86.00645,-22.74346,1.37271,91.1825,3.10409,2.02229,52.23818,6.30577,31.61004,24.05679,3.11565,33.88374,12.75506,0.82114,-1.33678,92.29864,-9.49859,-15.22112,56.22707,-3.71923,-13.11237,15.61063,1.34642,-22.07547,8.11973,0.03763
3.3,0.0,0.0,0.0,0.0,93.9241,-3.0,0.35932,109.60247,-1.70701,0.64861,118.58334,-1.32302,1.37947,134.93276,-1.93814,2.09915,141.33314,-2.39244,3.23232,131.6376,2.75414,5.09311,131.50186,7.76623,-0.5315,109.53529,16.58182,-14.12706,94.83029,26.37155,-0.32237,131.44679,-6.54881,-2.97007,131.0736,-11.18054,-2.37978,107.567,-17.42445,-4.83374,86.02438,-22.60179,1.29771,91.18887,3.12332,-3.28293,52.5312,6.57798,27.77257,25.88414,4.27732,32.40095,15.30614,2.07557,-1.39784,92.29031,-9.48364,-14.34415,55.81911,-4.04501,-9.42371,15.51415,1.53193,-18.38382,8.02328,0.20266
3.33333,0.0,0.0,0.0,0.0,93.9241,-3.0,0.53509,109.60927,-1.85921,0.8823,118.59041,-1.53404,1.55213,134.94271,-2.14193,2.20997,141.3461,-2.64498,3.53673,131.64551,2.4947,5.50422,131.48358,7.4651,1.02211,108.91653,15.37201,-9.97151,91.83864,24.55904,-0.26087,131.45912,-6.71185,-3.05149,131.09748,-11.25983,-4.04617,107.6335,-17.6118,-9.22349,86.4657,-22.30547,1.22554,91.23484,3.15845,-7.91619,53.3696,6.31838,23.99064,27.69808,4.66611,27.99336,16.69125,3.67038,-1.37465,92.24245,-9.47635,-12.606,55.15351,-4.41657,-6.0556,15.14367,1.59241,-15.01249,7.65275,0.24197
3.36666,0.0,0.0,0.0,0.0,93.9241,-3.0,0.54634,109.62696,-2.14325,0.8825,118.61182,-1.92799,1.47179,134.96711,-2.53899,2.05988,141.373,-3.09389,3.52131,131.67798,2.07508,5.55463,131.48371,7.01775,2.63022,108.35574,13.97661,-5.43361,89.29546,22.25887,-0.37476,131.47627,-7.08991,-3.26297,131.14116,-11.57861,-5.99878,107.8111,-17.91258,-13.82505,87.33373,-21.95454,1.10061,91.34881,3.23034,-12.00747,54.6205,5.78802,19.22437,28.10497,4.64706,21.93869,16.68101,5.18488,-1.25286,92.12355,-9.46909,-10.63057,54.49242,-4.64303,-2.9534,14.69704,1.45548,-11.91103,7.20618,0.1096
3.4,0.0,0.0,0.0,0.0,93.9241,-3.0,0.43095,109.64571,-2.49249,0.70445,118.63487,-2.4072,1.21045,134.99347,-3.00396,1.74128,141.40108,-3.59562,3.27136,131.71107,1.60983,5.34214,131.50331,6.53637,4.37338,107.93932,12.50972,-0.61044,87.45797,19.7617,-0.61274,131.497,-7.55996,-3.55693,131.2278,-12.01662,-8.0498,108.11271,-18.13233,-18.29568,88.59998,-21.4769,0.95903,91.49956,3.31367,-15.25482,55.9859,5.10913,13.77309,27.06096,4.3803,14.83296,15.53501,6.4279,-1.07912,91.96758,-9.4551,-8.53234,53.89566,-4.73152,-0.06177,14.24779,1.2767,-9.01552,6.75697,-0.09498
3.43333,0.0,0.0,0.0,0.0,93.9241,-3.0,0.25607,109.6567,-2.82144,0.44061,118.64847,-2.85519,0.85131,135.01073,-3.42434,1.32865,141.4209,-4.0335,2.91186,131.73341,1.19323,5.00579,131.5189,6.10968,6.2719,107.72987,11.04524,4.35408,86.39199,17.20416,-0.93123,131.51062,-7.99362,-3.89661,131.32328,-12.44041,-10.04023,108.4988,-18.20188,-22.46873,90.17673,-20.79898,0.86637,91.64467,3.38077,-17.59192,57.21269,4.41144,7.57349,24.86392,4.16144,6.38695,13.5626,7.16743,-0.93773,91.8194,-9.43053,-6.35171,53.39081,-4.81899,2.69113,13.84304,1.01224,-6.26511,6.35219,-0.34287
3.46666,0.0,0.0,0.0,0.0,93.9241,-3.0,0.05023,109.6597,-3.02689,0.1344,118.6524,-3.13308,0.44371,135.01763,-3.68053,0.87264,141.43049,-4.29735,2.50664,131.74765,0.94117,4.62173,131.51364,5.84767,8.21845,107.76163,9.69302,9.19314,86.06785,14.72743,-1.29848,131.51203,-8.26115,-4.25949,131.38375,-12.71294,-11.89702,108.91293,-18.06322,-26.22201,91.93328,-19.90641,0.7972,91.74004,3.423,-18.81832,57.94177,3.91439,0.64495,21.87303,4.08787,-3.01532,11.14748,7.20695,-0.81119,91.7232,-9.41551,-4.0747,53.05379,-4.79384,5.29812,13.55341,0.8341,-3.65786,6.06264,-0.52325
3.5,0.0,0.0,0.0,0.0,93.9241,-3.0,-0.17908,109.65848,-3.09731,-0.20709,118.6513,-3.22179,-0.0251,135.01958,-3.73401,0.36868,141.43379,-4.36014,2.05381,131.75605,0.88509,4.21137,131.50009,5.77195,10.06015,108.05517,8.60183,13.70254,86.42283,12.56293,-1.73019,131.51018,-8.32567,-4.68159,131.41358,-12.78463,-13.59581,109.3278,-17.74959,-29.48877,93.73532,-18.84464,0.74227,91.77973,3.44293,-18.83928,57.95895,3.66588,-7.01658,18.71632,3.87379,-13.10727,9.06874,6.70069,-0.69237,91.68385,-9.41581,-1.86138,52.92388,-4.55447,7.8211,13.46243,0.81639,-1.12733,5.97213,-0.59244
3.53333,0.0,0.0,0.0,0.0,93.9241,-3.0,-0.37158,109.65535,-3.04313,-0.48672,118.64785,-3.13725,-0.38354,135.01799,-3.61042,-0.01679,141.43437,-4.23075,1.71134,131.75349,1.00077,3.93666,131.48136,5.85628,11.78268,108.53737,7.82964,17.85881,87.29088,10.75928,-2.072,131.51139,-8.21035,-5.02516,131.42896,-12.66844,-15.02093,109.73323,-17.28095,-32.05266,95.35666,-17.66236,0.66593,91.7644,3.44615,-17.47067,57.14661,3.51648,-15.05891,16.23233,3.42894,-23.35628,8.25243,5.80349,-0.56238,91.70005,-9.43413,0.17991,52.96048,-4.33225,10.4412,13.65181,1.08415,1.51896,6.1733,-0.53731
3.56666,0.0,0.0,0.0,0.0,93.9241,-3.0,-0.45894,109.65184,-2.80057,-0.60117,118.64444,-2.80303,-0.49472,135.01404,-3.29398,-0.14755,141.43249,-3.90403,1.61514,131.75381,1.3134,3.93053,131.51891,6.12857,13.43133,109.15932,7.41862,21.5551,88.49002,9.34205,-2.20016,131.50306,-7.8843,-5.17738,131.45257,-12.32684,-15.91304,110.04872,-16.62989,-33.75206,96.68336,-16.41195,0.58217,91.66609,3.42052,-14.72587,55.70828,3.23972,-22.2992,15.43215,2.70972,-32.35667,9.59996,4.44068,-0.45428,91.79934,-9.47609,1.46325,53.08353,-4.50187,13.20375,14.19505,0.9433,4.41173,6.54895,-0.60624
3.6,0.0,0.0,0.0,0.0,93.9241,-3.0,-0.54365,109.64364,-2.53877,-0.69793,118.63552,-2.44192,-0.51775,135.00371,-2.9578,-0.18273,141.42314,-3.56429,1.60039,131.74043,1.64362,4.00647,131.57258,6.41695,14.83948,109.80207,7.17285,24.51516,89.74924,8.25942,-2.26293,131.494,-7.53413,-5.26413,131.48724,-11.96079,-16.4445,110.26912,-16.04563,-34.73187,97.54306,-15.31737,0.50566,91.55941,3.38852,-14.26873,55.3827,2.84515,-27.22745,16.50786,2.05655,-38.3951,12.93221,2.87,-0.35417,91.9083,-9.51705,2.1243,53.20134,-4.72518,16.2335,15.1019,0.67541,7.65146,7.19363,-0.72866
3.63333,0.0,0.0,0.0,0.0,93.9241,-3.0,-0.73997,109.63586,-2.54695,-0.95575,118.62648,-2.45044,-0.70534,134.99316,-2.98427,-0.36317,141.41171,-3.59613,1.40097,131.72581,1.61969,3.86409,131.56142,6.36396,15.7923,110.3599,6.67079,26.58729,90.86362,7.19846,-2.46784,131.48602,-7.55593,-5.45983,131.4636,-11.98876,-16.93808,110.3618,-15.84351,-35.30051,97.76132,-14.86352,0.49276,91.56716,3.39239,-14.24839,55.39303,2.1828,-29.63872,17.42835,0.90848,-41.15769,15.14159,1.40625,-0.28655,91.90272,-9.51864,2.63975,53.18498,-5.07936,19.19985,16.05262,0.09308,10.99421,7.72207,-1.10399
3.66666,0.0,0.0,0.0,0.0,93.9241,-3.0,-0.83869,109.63158,-2.57115,-1.06728,118.62201,-2.48718,-0.68353,134.98456,-3.0666,-0.3177,141.40033,-3.69376,1.38571,131.71341,1.55145,3.8794,131.54541,6.27959,16.57948,110.79481,6.31656,28.11595,91.72199,6.54648,-2.46374,131.47878,-7.63244,-5.45323,131.44543,-12.06689,-16.86286,110.27334,-15.73545,-35.02483,97.38724,-14.73426,0.48195,91.57875,3.39747,-13.99106,55.31803,1.65837,-28.81748,17.15363,-0.20155,-40.22738,14.35469,0.17724,-0.24823,91.89232,-9.51698,3.34777,53.19524,-5.40137,22.31801,17.1937,-0.52057,14.77909,8.22489,-1.46323
3.7,0.0,0.0,0.0,0.0,93.9241,-3.0,-1.02173,109.62572,-2.83432,-1.29582,118.61526,-2.84717,-0.74846,134.97249,-3.4449,-0.33531,141.38295,-4.09648,1.32698,131.68399,1.15802,3.86108,131.49275,5.86374,16.87637,110.93838,5.89404,28.75575,92.07619,6.01161,-2.6043,131.48149,-7.99191,-5.62415,131.40543,-12.40521,-16.51563,109.96634,-16.09793,-34.17151,96.3869,-15.21494,0.58733,91.69722,3.43092,-14.41644,55.67621,1.26166,-26.37418,16.5645,-1.40103,-37.1141,11.78865,-1.30706,-0.30261,91.77549,-9.47709,4.00703,53.10696,-5.80206,25.43898,18.48381,-1.14238,18.73841,8.86004,-1.94794
3.73333,0.0,0.0,0.0,0.0,93.9241,-3.0,-1.16113,109.61592,-3.17539,-1.44632,118.60411,-3.31075,-0.62856,134.94992,-3.91223,-0.14474,141.35299,-4.58731,1.41956,131.62674,0.67801,3.97858,131.39525,5.36841,16.9413,110.80836,5.53727,28.75701,91.90782,5.80972,-2.57039,131.49085,-8.44772,-5.59763,131.36763,-12.85489,-15.70462,109.57362,-16.69748,-32.45514,94.87489,-16.17001,0.65176,91.84608,3.47439,-15.44308,56.3176,1.02166,-24.23824,16.39998,-1.98355,-33.92374,9.74329,-2.19133,-0.32819,91.62936,-9.42551,4.13399,52.91377,-6.50558,27.93887,19.87418,-1.86703,22.66812,9.38826,-2.52141
3.76666,0.0,0.0,0.0,0.0,93.9241,-3.0,-0.97936,109.62268,-3.45586,-1.142,118.61157,-3.70194,-0.00452,134.93715,-4.33232,0.55358,141.33158,-5.03163,1.96016,131.58426,0.27276,4.49946,131.29445,4.97064,17.03623,110.4499,5.4341,28.3819,91.27375,6.11724,-1.99487,131.50714,-8.86884,-5.01529,131.36391,-13.28009,-14.01972,109.11857,-17.27511,-29.45608,93.03701,-17.39099,0.65192,91.9561,3.50866,-15.6379,56.56143,0.47691,-20.63186,15.98856,-2.47349,-29.68992,8.49775,-2.52761,-0.37901,91.51745,-9.38163,3.16311,52.63821,-7.59503,29.29565,21.4324,-2.78967,26.40226,10.04311,-3.06514
3.8,0.0,0.0,0.0,0.0,93.9241,-3.0,-0.45911,109.642,-3.59086,-0.38577,118.63004,-3.90227,0.96772,134.93803,-4.5606,1.6026,141.32364,-5.27485,2.87418,131.56873,0.05695,5.37911,131.23736,4.7705,17.01176,109.89568,5.81682,27.49946,90.26486,7.06357,-1.05362,131.5255,-9.09661,-4.06382,131.37784,-13.51469,-11.6538,108.63763,-17.65839,-25.3767,91.09691,-18.6155,0.68826,91.9942,3.51632,-15.5205,56.60087,0.06372,-16.04658,15.72332,-2.86079,-25.10465,8.23247,-2.90629,-0.56032,91.47397,-9.35167,0.50268,52.41361,-8.65034,28.93175,23.2491,-4.06532,29.1629,11.5007,-3.77347
3.83333,0.0,0.0,0.0,0.0,93.9241,-3.0,0.14103,109.64511,-3.66508,0.45404,118.62654,-4.01588,1.87441,134.92899,-4.67054,2.55106,141.31058,-5.38237,3.75704,131.55192,-0.04888,6.18383,131.19323,4.70339,16.54142,109.25122,6.47796,25.76872,89.05951,8.49473,-0.15048,131.52474,-9.21118,-3.1174,131.34604,-13.6573,-9.24598,108.20583,-18.00086,-20.85818,89.25629,-19.72789,0.71107,91.99882,3.51524,-15.02057,56.39856,-0.01593,-12.05329,15.6432,-3.17807,-21.11141,8.15235,-3.21297,-0.75037,91.46849,-9.3299,-4.34761,52.55347,-9.20621,26.15417,25.4164,-5.59727,29.50107,14.17108,-4.88696
3.86666,0.0,0.0,0.0,0.0,93.9241,-3.0,0.52478,109.63388,-3.7347,0.97655,118.60752,-4.1306,2.3573,134.91111,-4.83948,3.04472,141.29231,-5.54443,4.17566,131.56165,-0.17223,6.47029,131.21924,4.64643,15.26878,108.68174,7.20151,22.79192,87.91517,10.21271,0.41619,131.47929,-9.39593,-2.45292,131.26508,-13.90424,-7.27643,107.84906,-18.4119,-16.4089,87.67474,-20.9626,0.67735,92.0104,3.52224,-14.20226,56.03839,0.06627,-8.63018,15.57836,-3.36029,-17.68837,8.08753,-3.37486,-0.82359,91.46003,-9.3175,-9.14156,53.27463,-9.17532,22.18136,27.00847,-6.21454,27.0944,16.3308,-6.10036
3.9,0.0,0.0,0.0,0.0,93.9241,-3.0,0.74258,109.628,-3.66956,1.26439,118.59789,-4.06451,2.56046,134.90389,-4.87094,3.22451,141.28838,-5.56848,4.30127,131.60156,-0.14095,6.43932,131.30372,4.75211,13.35685,108.22874,8.15411,18.6674,86.98022,12.30307,0.73585,131.42536,-9.44009,-2.01618,131.13877,-14.01684,-5.55287,107.53135,-18.71549,-12.08979,86.48434,-22.06258,0.69143,91.97202,3.50937,-12.57485,55.3625,0.18056,-5.46179,15.14968,-3.30321,-14.51995,7.65881,-3.29454,-0.89836,91.50005,-9.32279,-13.13164,54.38562,-8.87559,18.20641,28.11376,-6.13344,22.06115,17.10475,-7.58469
3.93333,0.0,0.0,0.0,0.0,93.9241,-3.0,0.84654,109.62986,-3.47419,1.40081,118.59976,-3.82159,2.63531,134.90364,-4.75738,3.2762,141.29085,-5.45167,4.33186,131.65122,0.023,6.33942,131.41895,4.97454,11.0605,107.95146,9.31845,13.72529,86.46486,14.62319,0.88267,131.37657,-9.3175,-1.75927,131.0097,-13.95301,-3.84629,107.28072,-18.90024,-7.94136,85.74048,-22.92014,0.79431,91.87995,3.46925,-10.71982,54.66961,0.28369,-2.51675,14.65661,-3.1035,-11.57494,7.16577,-3.1004,-1.03021,91.59161,-9.3371,-16.38201,55.66377,-8.41711,13.32983,27.54294,-5.92132,15.84616,16.47507,-8.97646
3.96666,0.0,0.0,0.0,0.0,93.9241,-3.0,0.85463,109.63516,-3.21068,1.40501,118.60793,-3.48198,2.57981,134.90851,-4.54356,3.21214,141.29449,-5.25675,4.2586,131.70225,0.27413,6.16441,131.55448,5.26893,8.60061,107.92443,10.5193,8.23188,86.58806,16.96438,0.87084,131.33715,-9.08573,-1.6786,130.91937,-13.7685,-2.1256,107.17149,-19.03478,-3.98398,85.43381,-23.60978,0.90749,91.76486,3.41676,-8.66126,53.99527,0.37878,0.25329,14.12557,-2.89855,-8.80486,6.63469,-2.87925,-1.14564,91.70521,-9.35805,-18.75383,56.84628,-7.89504,7.78928,25.67643,-5.96969,8.47673,14.69981,-10.11754
4.0,0.0,0.0,0.0,0.0,93.9241,-3.0,0.79708,109.6395,-2.94287,1.31068,118.61676,-3.1218,2.39141,134.92061,-4.23203,3.00644,141.30632,-4.96251,4.06534,131.74067,0.60476,5.88041,131.6689,5.63491,6.13841,108.11621,11.72468,2.47872,87.43875,19.20564,0.72724,131.32381,-8.77077,-1.74205,130.87083,-13.49304,-0.52896,107.22637,-19.09333,-0.31558,85.51321,-24.13358,1.00388,91.65474,3.36418,-6.3953,53.38112,0.5866,2.83297,13.57786,-2.62934,-6.22504,6.08699,-2.57574,-1.22599,91.81413,-9.3801,-20.06795,57.63716,-7.31876,1.69325,22.92779,-6.08879,-0.21386,12.26343,-10.64926
4.03333,0.0,0.0,0.0,0.0,93.9241,-3.0,0.65198,109.64422,-2.74499,1.08787,118.62681,-2.84583,2.0429,134.93952,-3.94099,2.64247,141.32698,-4.66912,3.71656,131.77024,0.90288,5.45481,131.74679,5.96055,3.79085,108.47149,12.8433,-3.3375,89.04282,21.12756,0.4321,131.33219,-8.4906,-1.9702,130.85206,-13.24465,0.84553,107.41952,-19.15083,2.93613,85.89267,-24.54852,1.09381,91.58152,3.3227,-4.02516,52.91769,0.82533,5.29377,13.13339,-2.36371,-3.76406,5.64255,-2.28306,-1.2755,91.88604,-9.39376,-20.24832,57.80847,-6.92679,-5.1806,19.69956,-6.2357,-9.67781,9.78175,-10.66014
4.06666,0.0,0.0,0.0,0.0,93.9241,-3.0,0.457,109.65009,-2.68931,0.79329,118.63729,-2.75569,1.61839,134.96167,-3.78028,2.21034,141.35355,-4.47505,3.29326,131.78671,1.05945,4.96967,131.80261,6.13798,1.64166,108.95812,13.81487,-8.78161,91.31213,22.58357,0.06116,131.35962,-8.35268,-2.28878,130.89303,-13.13417,1.95589,107.7414,-19.28884,5.70643,86.50464,-24.93195,1.19312,91.57111,3.30084,-1.80798,52.67764,0.92936,7.63899,12.91453,-2.14511,-1.41867,5.42367,-2.04888,-1.32047,91.8948,-9.38741,-19.16557,57.215,-6.89786,-12.87154,16.71954,-6.3446,-19.5123,7.89333,-10.36478
4.1,0.0,0.0,0.0,0.0,93.9241,-3.0,0.23847,109.65697,-2.82061,0.47036,118.64719,-2.91723,1.19696,134.9825,-3.83688,1.78379,141.38006,-4.4819,2.88014,131.78739,0.98669,4.50977,131.85132,6.08004,-0.21669,109.5231,14.50571,-13.55123,94.05236,23.43665,-0.32732,131.3999,-8.43559,-2.63006,130.99185,-13.2453,2.73593,108.12211,-19.57591,7.65524,87.15881,-25.34231,1.31091,91.63949,3.3026,0.13825,52.64308,1.01411,10.06599,12.99202,-1.99198,1.00816,5.50194,-1.85827,-1.37736,91.82451,-9.35259,-16.4369,55.81928,-7.31113,-20.31365,15.03018,-6.2993,-28.96355,7.95129,-9.93689
4.13333,0.0,0.0,0.0,0.0,93.9241,-3.0,0.04973,109.6596,-3.06103,0.19635,118.6505,-3.23256,0.86804,134.99295,-4.06263,1.43609,141.39744,-4.6535,2.54774,131.77799,0.74894,4.14463,131.88933,5.85184,-1.78179,110.13133,14.98133,-17.46948,97.00337,23.83958,-0.62951,131.42971,-8.68509,-2.89884,131.09702,-13.51644,3.26581,108.47189,-19.99686,8.9191,87.71779,-25.84654,1.43072,91.75157,3.31615,1.46853,52.73279,1.11023,12.70186,13.43212,-1.90185,3.68247,5.89825,-1.66748,-1.44458,91.7117,-9.29914,-15.24183,55.18859,-7.55779,-25.89447,15.64323,-5.98013,-36.06493,10.66439,-9.13237
4.16666,0.0,0.0,0.0,0.0,93.9241,-3.0,-0.11637,109.65898,-3.11058,-0.03981,118.65081,-3.27882,0.60262,135.00002,-3.99055,1.15501,141.41007,-4.534,2.29037,131.75319,0.79674,3.89422,131.87378,5.89725,-3.13601,110.73216,15.66907,-20.51478,99.76586,24.30818,-0.89092,131.46778,-8.63804,-3.15591,131.16447,-13.47336,3.53139,108.73807,-20.12407,9.66284,88.15118,-26.08193,1.52521,91.78711,3.30616,2.45079,52.76512,1.36708,15.41865,13.99019,-1.48644,6.5287,6.30362,-1.26489,-1.49278,91.67633,-9.27534,-14.93066,55.02087,-7.50503,-28.93236,16.54586,-5.65325,-39.97387,13.2239,-7.9365
4.2,0.0,0.0,0.0,0.0,93.9241,-3.0,-0.2061,109.65832,-3.06291,-0.16285,118.65102,-3.19186,0.48591,135.00448,-3.79136,1.02855,141.41975,-4.28035,2.20019,131.72272,0.96257,3.83921,131.83521,6.05207,-4.1607,111.27844,16.31372,-22.57894,101.96244,24.73368,-1.03772,131.50624,-8.45477,-3.32269,131.20479,-13.2808,3.55698,108.88237,-20.08337,9.86333,88.37502,-26.13229,1.55581,91.77696,3.29523,3.30901,52.76616,1.74103,18.35698,14.73616,-0.91998,9.72381,6.76063,-0.76879,-1.49837,91.68666,-9.2777,-14.83358,54.99999,-7.38165,-28.75025,16.50067,-5.39892,-40.05775,13.60794,-6.79037
4.23333,0.0,0.0,0.0,0.0,93.9241,-3.0,-0.18284,109.65768,-2.81723,-0.12589,118.65121,-2.83513,0.54215,135.00701,-3.34233,1.07186,141.42684,-3.78331,2.23084,131.6976,1.40158,3.88046,131.76711,6.48843,-4.72746,111.59561,17.01911,-23.71042,103.38663,25.33629,-0.96315,131.53583,-8.03184,-3.24484,131.22264,-12.85867,3.40942,108.85421,-19.73397,9.50817,88.29067,-25.80497,1.46815,91.67542,3.28081,4.12347,52.70387,2.05633,21.45501,15.64016,-0.33158,13.3575,7.12072,-0.21747,-1.41719,91.78838,-9.33175,-14.52187,55.03998,-7.06086,-26.29854,15.84595,-4.83808,-37.11939,11.44603,-6.14706
4.26666,0.0,0.0,0.0,0.0,93.9241,-3.0,-0.14174,109.64794,-2.40583,-0.04737,118.64004,-2.26317,0.72622,134.99176,-2.75167,1.25916,141.41468,-3.14071,2.35771,131.66821,2.00236,4.00733,131.66416,7.08968,-4.81418,111.64888,17.74099,-23.98754,103.91024,26.07232,-0.76446,131.53367,-7.4555,-3.04106,131.20554,-12.28374,3.21251,108.69161,-19.05952,8.94715,87.99875,-25.04537,1.42636,91.50749,3.22785,3.91285,52.50965,2.66334,24.08935,16.89171,0.6449,16.91314,7.58241,0.5937,-1.38686,91.95903,-9.39342,-14.16594,55.12958,-6.63279,-24.25456,15.49397,-3.97932,-34.29135,9.62633,-5.71056
4.3,0.0,0.0,0.0,0.0,93.9241,-3.0,-0.09611,109.62472,-1.95426,0.0596,118.61193,-1.64935,1.05736,134.94963,-2.1969,1.62543,141.3714,-2.55397,2.68644,131.61801,2.55231,4.38907,131.55015,7.62168,-4.35318,111.45249,18.18284,-23.31873,103.41842,26.70792,-0.52537,131.49849,-6.87569,-2.82954,131.14992,-11.6894,2.85685,108.44592,-18.32933,8.07298,87.59404,-24.23712,1.50378,91.32721,3.1364,3.19691,52.2829,3.04829,26.09008,18.35911,0.83876,20.50162,8.02895,1.30824,-1.477,92.14577,-9.42781,-13.51397,55.09263,-6.34398,-21.47358,15.00598,-3.26044,-30.89874,8.20559,-5.01674
4.33333,0.0,0.0,0.0,0.0,93.9241,-3.0,0.16553,109.60285,-1.67276,0.47014,118.58246,-1.2715,1.7155,134.90087,-1.88343,2.35778,141.31535,-2.24566,3.38304,131.55553,2.84273,5.17883,131.45292,7.87926,-3.15554,110.96317,18.0079,-21.51188,102.01703,26.94808,-0.01166,131.46376,-6.52128,-2.37925,131.10579,-11.30342,2.55102,108.19417,-17.83377,7.07356,87.17325,-23.71411,1.50094,91.19324,3.07867,1.03776,52.12279,3.8649,26.4656,20.1192,0.86522,23.56263,8.75664,1.65804,-1.54707,92.28584,-9.44852,-13.69796,55.28576,-6.18,-18.03251,14.67418,-2.75733,-27.09413,7.37778,-4.43457
4.36666,0.0,0.0,0.0,0.0,93.9241,-3.0,0.52958,109.58758,-1.59027,0.99573,118.559,-1.16205,2.34536,134.86832,-1.79488,3.03512,141.27638,-2.18245,4.06328,131.51132,2.90489,5.96693,131.37455,7.90084,-1.61627,110.2944,17.38784,-19.02474,100.01072,26.77434,0.52182,131.44345,-6.40481,-1.95146,131.1073,-11.13476,2.04742,107.99115,-17.58049,5.71255,86.80737,-23.4733,1.40013,91.12761,3.07288,-2.43977,52.2831,4.99435,25.18169,22.20265,1.52662,25.38824,10.45872,1.9749,-1.5477,92.35573,-9.46572,-13.68202,55.37111,-5.96859,-14.47386,14.55513,-2.33101,-23.38278,7.06419,-3.96825
4.4,0.0,0.0,0.0,0.0,93.9241,-3.0,0.94234,109.57688,-1.69048,1.56081,118.5403,-1.28832,2.87661,134.85542,-1.83743,3.57536,141.26191,-2.23462,4.69312,131.46913,2.8039,6.72189,131.274,7.7484,0.08928,109.56923,16.51152,-15.97709,97.5531,26.22747,0.96497,131.45923,-6.43287,-1.64755,131.15516,-11.08956,1.21985,107.86923,-17.52685,2.94212,86.43436,-23.39976,1.31377,91.1311,3.09375,-7.03828,53.0492,5.80371,22.19239,24.50953,2.50852,25.16034,13.13684,2.37903,-1.57637,92.35521,-9.45867,-13.68739,55.39118,-5.67487,-11.12708,14.65312,-1.97914,-20.03903,7.16228,-3.60032
4.43333,0.0,0.0,0.0,0.0,93.9241,-3.0,1.10934,109.57802,-1.84395,1.78014,118.53927,-1.47917,3.03957,134.86263,-1.90096,3.7408,141.26947,-2.28812,4.98366,131.43617,2.65848,7.14301,131.17686,7.54438,1.63681,108.87172,15.54706,-12.61222,94.813,25.3569,1.01893,131.50626,-6.47898,-1.74893,131.24912,-11.04793,-0.28881,107.84575,-17.53219,-0.76222,86.30464,-23.24775,1.33693,91.17432,3.10835,-10.67163,54.0905,5.92204,19.10282,26.09726,2.81342,22.80262,14.94065,2.88551,-1.64606,92.31168,-9.4305,-13.1502,55.15497,-5.63998,-8.14647,14.6612,-1.76439,-17.05416,7.17036,-3.40874
4.46666,0.0,0.0,0.0,0.0,93.9241,-3.0,1.08781,109.59271,-2.03899,1.73982,118.55731,-1.72583,2.9523,134.88697,-2.02242,3.65704,141.29391,-2.40139,5.00464,131.42304,2.46062,7.27831,131.10214,7.29068,3.12326,108.24913,14.52646,-8.82508,92.04274,24.09232,0.83851,131.56836,-6.5859,-2.07106,131.36525,-11.06871,-2.23348,107.92282,-17.5742,-4.94568,86.46646,-22.97601,1.35612,91.2516,3.13835,-13.68984,55.27562,5.72309,15.75269,26.91049,2.83179,18.12064,15.41668,3.50165,-1.65925,92.23031,-9.40615,-11.94401,54.73703,-5.42976,-5.35693,14.45998,-1.6651,-14.26986,6.96915,-3.28081
