time,joint_Root.x,joint_Root.y,joint_Root.z,Hips.x,Hips.y,Hips.z,Spine.x,Spine.y,Spine.z,Chest.x,Chest.y,Chest.z,Neck.x,Neck.y,Neck.z,Head.x,Head.y,Head.z,Shoulder_L.x,Shoulder_L.y,Shoulder_L.z,UpperArm_L.x,UpperArm_L.y,UpperArm_L.z,LowerArm_L.x,LowerArm_L.y,LowerArm_L.z,Hand_L.x,Hand_L.y,Hand_L.z,Shoulder_R.x,Shoulder_R.y,Shoulder_R.z,UpperArm_R.x,UpperArm_R.y,UpperArm_R.z,LowerArm_R.x,LowerArm_R.y,LowerArm_R.z,Hand_R.x,Hand_R.y,Hand_R.z,UpperLeg_L.x,UpperLeg_L.y,UpperLeg_L.z,LowerLeg_L.x,LowerLeg_L.y,LowerLeg_L.z,Foot_L.x,Foot_L.y,Foot_L.z,Toes_L.x,Toes_L.y,Toes_L.z,UpperLeg_R.x,UpperLeg_R.y,UpperLeg_R.z,LowerLeg_R.x,LowerLeg_R.y,LowerLeg_R.z,Foot_R.x,Foot_R.y,Foot_R.z,Toes_R.x,Toes_R.y,Toes_R.z
   0.00000,   0.00000,   0.00000,   0.00000,   0.84703,  93.98400,-452.22500,   1.67048, 109.57487,-450.26061,   2.21735, 118.35180,-448.37552,   3.26238, 133.50031,-442.23984,   3.95574, 139.65272,-440.40779,   8.01737, 129.99028,-443.41387,  13.26637, 129.05186,-443.00229,  20.16804, 105.77948,-444.62839,  11.69503, 109.51985,-424.35197,  -1.87851, 130.93079,-444.04963,  -7.17132, 130.68757,-444.77731, -16.19175, 116.95551,-462.72048, -17.90860,  96.04314,-455.19478,   7.17837,  91.53072,-452.97075,   5.78136,  52.60848,-449.73970,   2.90737,  23.13572,-478.07519,   2.41131,  13.92998,-470.78329,  -5.71378,  92.09265,-452.02665, -10.72934,  62.52602,-426.96687,  -8.73736,  52.32470,-466.61240,  -6.29687,  47.68203,-477.13158
   0.03333,   0.00000,   0.00000,   0.00000,   0.84703,  93.98400,-452.22500,   2.32484, 109.45950,-449.78836,   3.02129, 118.20706,-447.81801,   3.50834, 133.59984,-442.24655,   3.93612, 139.84154,-440.65051,   8.36987, 130.12216,-443.00805,  13.60821, 129.49122,-442.13411,  20.59663, 106.18795,-442.12387,   9.41720, 112.11674,-423.77216,  -1.48543, 130.87996,-444.23928,  -6.72343, 130.86812,-445.31897, -14.39865, 119.35303,-465.32869, -16.99115,  98.26127,-458.59612,   7.05790,  91.31674,-453.21063,   5.36351,  52.44535,-456.88161,   3.19964,  20.55096,-482.53056,   2.48177,   9.55259,-478.44594,  -5.77566,  92.33877,-451.91837,  -8.50664,  61.86611,-427.60186,  -8.21268,  43.11889,-464.04714,  -7.25767,  34.23537,-471.68485
   0.06667,   0.00000,   0.00000,   0.00000,   0.84703,  93.98400,-452.22500,   2.42424, 109.41389,-449.57113,   3.06261, 118.16224,-447.58465,   3.06008, 133.70409,-442.42067,   3.22068, 140.01090,-441.04676,   8.00715, 130.29617,-442.89085,  13.22541, 130.04023,-441.74792,  20.87572, 106.99460,-440.24704,   7.28212, 113.82899,-423.95531,  -1.80141, 130.84200,-444.53748,  -6.99652, 131.06028,-445.78873, -12.70517, 121.58375,-467.45673, -15.98550, 100.39929,-461.34368,   7.04812,  91.27396,-453.15383,   6.82362,  53.26963,-462.26168,   5.48129,  18.67170,-484.19304,   2.93106,   7.19771,-484.10604,  -5.79358,  92.39427,-452.03571,  -6.75743,  60.78466,-429.07406,  -7.58546,  34.59475,-460.58922,  -7.80457,  23.57189,-464.66502
   0.10000,   0.00000,   0.00000,   0.00000,   0.84703,  93.98400,-452.22500,   2.46540, 109.39206,-449.47097,   3.04051, 118.14611,-447.49027,   2.63057, 133.77401,-442.61006,   2.54540, 140.10655,-441.35271,   7.64613, 130.44567,-442.88360,  12.80710, 130.58172,-441.48791,  21.50325, 108.05803,-438.49776,   5.82570, 115.15407,-424.32822,  -2.12121, 130.79024,-444.80647,  -7.27052, 131.33808,-446.14325, -11.42633, 123.32236,-468.73468, -14.73550, 102.05606,-462.92906,   7.04490,  91.25221,-453.11065,   8.12670,  54.35265,-465.93969,   7.12497,  20.67646,-489.27879,   3.73610,   9.46901,-490.31423,  -5.80183,  92.42210,-452.10680,  -5.95543,  59.55469,-430.96339,  -7.43796,  27.41312,-456.35089,  -7.49822,  15.71721,-457.51948
   0.13333,   0.00000,   0.00000,   0.00000,   0.84703,  93.98400,-452.22500,   2.15841, 109.42298,-449.48086,   2.56742, 118.19783,-447.55163,   1.89713, 133.89808,-442.93983,   1.60020, 140.24274,-441.77950,   6.95037, 130.61772,-443.05180,  12.02426, 131.04376,-441.41590,  21.98912, 109.25833,-437.17595,   4.64448, 116.17503,-425.00065,  -2.77652, 130.83000,-445.18713,  -7.85446, 131.67149,-446.63934, -11.01369, 124.61721,-469.70775, -14.00349, 103.38162,-463.62317,   7.09595,  91.38122,-453.13994,   8.90967,  54.84077,-466.88177,   5.66503,  25.34439,-495.15258,   3.55964,  14.17685,-498.15543,  -5.76734,  92.28447,-452.07476,  -6.00911,  58.02616,-433.26934,  -7.36035,  21.39243,-451.59819,  -6.62680,   9.72568,-450.36835
   0.16667,   0.00000,   0.00000,   0.00000,   0.84703,  93.98400,-452.22500,   1.74640, 109.50098,-449.77009,   1.96868, 118.31433,-447.99171,   1.11684, 134.06519,-443.58709,   0.66437, 140.40971,-442.47733,   6.19374, 130.81966,-443.57831,  11.18899, 131.47790,-441.78489,  22.36350, 110.51403,-436.53827,   3.74662, 116.76295,-425.98943,  -3.49923, 130.93648,-445.86955,  -8.51515, 131.93487,-447.43359, -11.09034, 125.41361,-470.73030, -13.77730, 104.36591,-463.89761,   7.16299,  91.53234,-453.09598,   9.59008,  55.07090,-466.95257,   4.42555,  31.10982,-499.80067,   2.72098,  20.87275,-505.31975,  -5.71956,  92.11162,-452.03812,  -6.21040,  56.55656,-435.82300,  -6.75778,  17.04879,-446.71520,  -5.38278,   5.95110,-443.09384
   0.20000,   0.00000,   0.00000,   0.00000,   0.84703,  93.98400,-452.22500,   1.48673, 109.54918,-450.00503,   1.56119, 118.38880,-448.34894,   0.43742, 134.17187,-444.12427,  -0.12471, 140.50797,-443.01651,   5.55976, 131.00001,-444.02673,  10.48990, 131.87253,-442.14672,  22.71054, 111.69173,-436.20771,   3.27034, 116.96168,-426.65672,  -4.10878, 130.95289,-446.42139,  -9.10022, 131.99533,-448.03423, -11.36869, 125.37930,-471.33612, -13.78612, 104.62921,-463.55791,   7.20787,  91.61583,-452.99447,  10.36686,  54.98583,-466.24575,   4.14485,  37.74202,-502.90282,   1.54556,  29.17060,-510.51452,  -5.69208,  92.01470,-452.07416,  -6.33045,  55.42811,-438.35018,  -6.10368,  14.59455,-441.86755,  -4.16745,   4.55168,-436.07485
   0.23333,   0.00000,   0.00000,   0.00000,   0.84703,  93.98400,-452.22500,   1.28036, 109.56822,-450.09040,   1.20983, 118.41804,-448.48952,  -0.26532, 134.20765,-444.39950,  -0.91717, 140.53651,-443.29959,   4.91737, 131.13858,-444.22872,   9.81041, 132.19793,-442.34777,  22.88386, 112.70335,-435.95034,   3.00656, 116.93526,-426.79070,  -4.72493, 130.88187,-446.71416,  -9.72983, 131.84758,-448.33307, -11.97022, 124.59396,-471.44716, -14.12179, 104.26128,-462.56662,   7.24449,  91.68304,-452.88728,  11.23259,  54.74739,-465.01929,   4.34091,  45.18570,-504.27336,   0.47814,  38.70944,-513.29004,  -5.67119,  91.94219,-452.15756,  -6.19405,  54.98644,-439.45584,  -5.55695,  14.03357,-437.95271,  -3.48673,   5.38966,-430.26112
   0.26667,   0.00000,   0.00000,   0.00000,   0.84703,  93.98400,-452.22500,   1.30224, 109.54820,-449.95325,   1.16760, 118.38871,-448.30575,  -0.66999, 134.15491,-444.27260,  -1.39733, 140.46943,-443.13813,   4.58287, 131.20788,-444.09654,   9.48931, 132.36806,-442.31246,  23.16569, 113.41588,-435.55582,   3.19061, 116.72444,-426.23030,  -5.05355, 130.71768,-446.56965, -10.10513, 131.44514,-448.16805, -12.54640, 123.03419,-470.86588, -14.46465, 103.36687,-460.54950,   7.24558,  91.66618,-452.81391,  12.02530,  54.15968,-462.70074,   4.82044,  52.68136,-503.02080,   0.35152,  48.83599,-513.18965,  -5.67838,  91.96462,-452.26915,  -5.84845,  55.24266,-438.89746,  -4.32745,  14.42335,-435.53986,  -3.05591,   6.34279,-427.09881
   0.30000,   0.00000,   0.00000,   0.00000,   0.84703,  93.98400,-452.22500,   1.33327, 109.53584,-449.87637,   1.14436, 118.36763,-448.18787,  -1.03500, 134.07900,-444.11122,  -1.79323, 140.37278,-442.88537,   4.29051, 131.26210,-443.99900,   9.25869, 132.40418,-442.38193,  23.36614, 113.84762,-435.41669,   3.57440, 116.38666,-425.47910,  -5.35840, 130.53749,-446.36343, -10.46637, 130.88309,-447.90997, -13.31378, 120.71396,-469.82746, -14.95481, 102.03038,-457.77999,   7.24267,  91.64878,-452.77557,  12.52590,  53.46417,-459.20642,   5.28735,  59.54046,-499.08731,   1.05174,  58.57538,-510.00939,  -5.68412,  91.98547,-452.32891,  -5.90674,  55.81926,-437.52046,  -3.20198,  14.96259,-435.72610,  -2.52927,   6.20766,-427.91187
   0.33333,   0.00000,   0.00000,   0.00000,   0.84703,  93.98400,-452.22500,   1.40524, 109.53036,-449.85617,   1.18488, 118.35522,-448.13558,  -1.30594, 133.98984,-443.94387,  -2.04495, 140.26979,-442.63799,   4.09313, 131.31446,-443.97474,   9.16513, 132.30094,-442.59497,  23.56767, 113.88840,-435.85508,   4.36261, 115.81652,-424.70324,  -5.58912, 130.34268,-446.10237, -10.73625, 130.15795,-447.54300, -14.17750, 117.73193,-468.17422, -15.36091, 100.34896,-454.26943,   7.23060,  91.62550,-452.81496,  12.79269,  52.98704,-454.67633,   6.21153,  65.07544,-493.28153,   2.39002,  66.83895,-504.25649,  -5.69210,  92.01027,-452.29514,  -5.63953,  56.83975,-435.25503,  -0.14189,  16.99594,-443.13219,  -1.21875,   8.97517,-434.60745
   0.36667,   0.00000,   0.00000,   0.00000,   0.84703,  93.98400,-452.22500,   1.92597, 109.55001,-450.18849,   1.86563, 118.39525,-448.56206,  -0.84326, 133.95591,-444.23266,  -1.58274, 140.24365,-442.96510,   4.61373, 131.41179,-444.47180,   9.80992, 132.07243,-443.39236,  24.31268, 113.26201,-438.12748,   6.79679, 114.43192,-424.38920,  -5.11463, 130.21112,-446.24226, -10.19342, 129.12835,-447.52130, -14.84144, 114.40473,-466.32307, -15.09960,  99.51265,-449.73783,   7.14490,  91.41195,-452.84307,  13.10850,  53.07316,-448.16283,   7.82068,  67.64422,-486.10392,   4.10825,  71.85255,-496.43210,  -5.75151,  92.21835,-452.17443,  -3.99412,  58.05532,-433.27645,   0.57603,  21.23361,-450.68560,  -0.67245,  13.49609,-441.92571
   0.40000,   0.00000,   0.00000,   0.00000,   0.84703,  93.98400,-452.22500,   2.38153, 109.56654,-450.66235,   2.40719, 118.43104,-449.14337,  -0.77143, 133.79238,-444.43791,  -1.70255, 140.05337,-443.16422,   4.76914, 131.46205,-444.86245,  10.01930, 131.92774,-443.95636,  24.21727, 112.19353,-443.02935,  11.37288, 110.04762,-424.93703,  -4.94930, 129.92730,-446.41608,  -9.80865, 128.08596,-447.68044, -16.39431, 109.54356,-461.98792, -13.69200, 100.93012,-441.60614,   7.07030,  91.19933,-452.64584,  12.91534,  54.88536,-439.43738,   9.41751,  66.75393,-478.51046,   5.61356,  71.88234,-488.37925,  -5.80386,  92.42636,-452.23962,  -3.41660,  58.06020,-433.78421,   0.85931,  24.86619,-457.44171,  -0.53585,  17.01018,-448.81037
   0.43333,   0.00000,   0.00000,   0.00000,   0.84703,  93.98400,-452.22500,   2.02370, 109.64445,-451.23602,   1.85777, 118.54882,-449.98234,  -1.57631, 133.90862,-445.45467,  -2.69341, 140.11381,-444.06296,   4.00433, 131.67926,-445.89623,   9.26481, 132.28548,-445.14658,  22.27019, 112.24667,-449.74947,  16.09042, 104.42535,-429.81074,  -5.69549, 129.93792,-447.34476, -10.56259, 128.09605,-448.57818, -17.17367, 105.59843,-455.06248, -12.00342, 106.26958,-433.38925,   7.13405,  91.31496,-452.32573,  12.61027,  58.02215,-432.60438,   9.52723,  63.59907,-473.09136,   6.10443,  66.67325,-483.90789,  -5.76790,  92.28902,-452.39986,  -4.52072,  56.14408,-437.59033,   0.29742,  26.46210,-465.43936,  -1.16384,  18.46934,-456.94560
   0.46667,   0.00000,   0.00000,   0.00000,   0.84703,  93.98400,-452.22500,   1.15222, 109.69558,-451.40938,   0.69471, 118.61257,-450.32992,  -2.39953, 134.15365,-446.19273,  -3.52413, 140.37561,-444.88441,   3.13609, 131.86002,-446.82892,   8.45212, 132.37504,-446.55198,  20.97724, 113.88362,-456.19923,  18.65079, 103.11758,-436.81894,  -6.63600, 130.15547,-447.73333, -11.65934, 128.42156,-448.33502, -16.87114, 104.69062,-449.59014,  -9.70069, 112.52712,-429.99206,   7.25847,  91.64760,-451.91644,  11.81641,  60.19928,-429.16648,   8.77025,  57.13337,-469.92337,   6.29131,  55.49439,-481.29580,  -5.64947,  91.94213,-452.76084,  -6.13589,  53.66778,-444.87599,  -0.87032,  25.51111,-474.18946,  -2.24236,  17.12753,-466.06563
   0.50000,   0.00000,   0.00000,   0.00000,   0.84703,  93.98400,-452.22500,   0.22941, 109.67035,-451.14371,  -0.48537, 118.57107,-450.06972,  -2.97263, 134.33669,-446.39893,  -3.95313, 140.60401,-445.19538,   2.45701, 131.89649,-447.33331,   7.76713, 132.39751,-447.72523,  19.85819, 116.29809,-461.38158,  19.18231, 103.20008,-443.35657,  -7.38569, 130.37210,-447.45409, -12.51654, 128.86342,-447.48258, -16.58314, 104.93306,-445.84070,  -7.78606, 116.20763,-428.74080,   7.34766,  91.99460,-451.55814,   9.93762,  60.69456,-428.30019,   7.66370,  48.45356,-467.34875,   6.75044,  41.09026,-476.46529,  -5.48150,  91.60216,-453.19318,  -6.69443,  52.54233,-453.63204,  -2.34163,  23.29580,-482.01331,  -3.49566,  13.66561,-475.37319
   0.53333,   0.00000,   0.00000,   0.00000,   0.84703,  93.98400,-452.22500,  -0.69687, 109.52836,-450.32726,  -1.64204, 118.37501,-449.01173,  -3.49476, 134.31904,-445.76039,  -4.22628, 140.64995,-444.72420,   1.80625, 131.69403,-446.90807,   7.05297, 132.29157,-447.75477,  17.69296, 118.76049,-464.94725,  18.86864, 103.59947,-448.64766,  -8.06503, 130.45003,-446.43114, -13.25741, 129.24413,-445.99811, -16.84582, 105.34478,-443.19815,  -6.42421, 117.62608,-427.78807,   7.42451,  92.32083,-451.43054,   7.90132,  60.38698,-428.90646,   7.00189,  38.70623,-463.67626,   7.30389,  27.89028,-468.26838,  -5.30023,  91.31550,-453.54829,  -6.70746,  52.88223,-460.49363,  -3.50844,  21.15615,-486.24290,  -4.43638,   9.85136,-483.16004
   0.56667,   0.00000,   0.00000,   0.00000,   0.84703,  93.98400,-452.22500,  -0.89264, 109.46450,-450.00240,  -1.80758, 118.29697,-448.57500,  -3.11472, 134.31942,-445.44637,  -3.56755, 140.70228,-444.58421,   2.06943, 131.53918,-446.75153,   7.26254, 132.27796,-447.79455,  15.96308, 121.32915,-467.70196,  18.73342, 104.45561,-453.40076,  -7.80808, 130.56904,-445.90844, -13.02381, 129.70562,-445.10029, -16.83244, 105.87518,-442.01810,  -4.64532, 117.62535,-427.51573,   7.44464,  92.38723,-451.46184,   6.62871,  59.52931,-430.31891,   7.49657,  29.44679,-458.14141,   7.59958,  17.70837,-458.74363,  -5.26580,  91.26689,-453.60752,  -7.52067,  53.96327,-465.03948,  -5.41562,  19.86242,-487.67803,  -5.04034,   8.17179,-488.84067
   0.60000,   0.00000,   0.00000,   0.00000,   0.84703,  93.98400,-452.22500,  -0.69670, 109.50637,-450.15495,  -1.44549, 118.35561,-448.73457,  -2.20934, 134.36388,-445.36296,  -2.34922, 140.77625,-444.62058,   2.85184, 131.46161,-446.86956,   8.00614, 132.35596,-447.98103,  15.01730, 123.65715,-469.59249,  18.76353, 105.58651,-457.08917,  -7.01682, 130.74911,-445.72099, -12.20768, 130.19202,-444.56037, -16.81434, 106.48591,-441.61176,  -2.70586, 116.71366,-427.71014,   7.43276,  92.32015,-451.50364,   6.21269,  58.23159,-432.42974,   8.41538,  22.26299,-451.95437,   7.80602,  10.85107,-449.20477,  -5.30852,  91.32231,-453.52321,  -8.13803,  55.05442,-467.80496,  -6.26079,  21.49787,-491.26209,  -5.20688,  10.13109,-494.06373
   0.63333,   0.00000,   0.00000,   0.00000,   0.84703,  93.98400,-452.22500,  -0.45595, 109.54409,-450.27612,  -1.04653, 118.40711,-448.86711,  -1.40844, 134.39351,-445.32877,  -1.24776, 140.80901,-444.61834,   3.55896, 131.40330,-446.96954,   8.68712, 132.36061,-448.14751,  14.72628, 125.23023,-470.61008,  18.95657, 106.55329,-459.19993,  -6.29606, 130.88162,-445.61916, -11.43295, 130.53489,-444.17188, -17.09702, 107.02161,-441.53757,  -1.22443, 114.99588,-428.06972,   7.40339,  92.22140,-451.47137,   6.21521,  56.68625,-435.24874,   8.95079,  17.17769,-445.80303,   7.80575,   7.03122,-439.98053,  -5.34624,  91.41054,-453.52171,  -8.70598,  55.50645,-468.58631,  -5.20786,  24.91413,-495.63583,  -4.65789,  13.98326,-499.92268
   0.66667,   0.00000,   0.00000,   0.00000,   0.84703,  93.98400,-452.22500,  -0.14010, 109.60160,-450.57322,  -0.54254, 118.49133,-449.27019,  -0.49198, 134.47662,-445.70875,  -0.04885, 140.87665,-444.97900,   4.38554, 131.37403,-447.40944,   9.49614, 132.30038,-448.68447,  15.29467, 125.53941,-471.32397,  19.82995, 106.85150,-460.04971,  -5.46303, 131.07986,-445.94782, -10.56472, 130.86907,-444.35697, -17.13600, 107.55763,-442.05692,  -0.02269, 112.64554,-428.70930,   7.36147,  92.09994,-451.40470,   6.47806,  55.61076,-437.43716,   9.31212,  14.80255,-439.97906,   7.47956,   6.42922,-431.93588,  -5.39234,  91.51598,-453.50559,  -9.23800,  55.31621,-467.72254,  -4.08985,  29.55590,-499.18212,  -3.56253,  19.67607,-505.52834
   0.70000,   0.00000,   0.00000,   0.00000,   0.84703,  93.98400,-452.22500,   0.02764, 109.62747,-450.73416,  -0.23989, 118.52887,-449.47689,   0.22176, 134.49484,-445.85879,   0.90174, 140.86837,-445.08097,   5.01160, 131.28103,-447.60160,  10.11891, 132.13943,-448.93599,  16.17908, 124.61733,-471.26474,  20.93020, 106.44162,-459.26533,  -4.83182, 131.22075,-446.07829,  -9.92704, 131.11139,-444.45679, -17.16794, 107.95358,-442.67343,   0.44632, 109.80601,-429.13765,   7.34408,  92.04074,-451.40485,   7.01263,  55.25164,-438.22210,   9.68549,  14.43444,-435.65025,   7.06332,   7.40169,-426.60434,  -5.42169,  91.56797,-453.46059,  -9.39616,  54.73496,-465.90515,  -2.90996,  35.30943,-501.40699,  -2.11440,  26.72526,-509.39716
   0.73333,   0.00000,   0.00000,   0.00000,   0.84703,  93.98400,-452.22500,  -0.00613, 109.63125,-450.79388,  -0.21463, 118.53269,-449.52582,   0.64568, 134.44904,-445.76477,   1.50416, 140.79192,-444.91614,   5.35285, 131.13347,-447.54189,  10.48766, 131.83844,-448.86051,  16.97146, 123.00368,-470.58119,  21.75021, 105.74101,-457.31170,  -4.48765, 131.30321,-446.00795,  -9.60298, 131.24834,-444.44820, -17.30724, 108.19245,-443.46547,   0.07597, 106.68306,-429.59259,   7.36322,  92.06792,-451.49799,   7.53616,  55.68826,-437.22136,   9.71375,  14.89282,-433.93596,   7.06030,   7.99738,-424.79398,  -5.43142,  91.53974,-453.35081,  -9.46903,  53.88119,-462.98749,  -1.94319,  42.32225,-501.58226,  -0.75082,  34.87935,-510.60141
   0.76667,   0.00000,   0.00000,   0.00000,   0.84703,  93.98400,-452.22500,  -0.16764, 109.63051,-450.89475,  -0.37275, 118.53037,-449.61512,   0.84447, 134.36552,-445.61733,   1.80759, 140.67985,-444.67346,   5.48422, 130.96079,-447.40311,  10.66574, 131.39342,-448.65483,  17.81699, 120.92733,-469.42022,  22.34116, 104.89311,-454.60971,  -4.36206, 131.35074,-445.94852,  -9.52130, 131.24314,-444.54385, -17.52576, 108.27001,-444.78736,  -1.08803, 103.61190,-430.46905,   7.40007,  92.15266,-451.62134,   7.98504,  56.59377,-435.41778,   9.44163,  15.63699,-434.94522,   7.08009,   7.71910,-426.58497,  -5.42327,  91.45520,-453.19936,  -9.58445,  52.96757,-458.55853,  -1.68595,  49.68163,-498.64119,   0.17917,  43.93130,-508.72179
   0.80000,   0.00000,   0.00000,   0.00000,   0.84703,  93.98400,-452.22500,  -0.57881, 109.60445,-450.96770,  -0.89286, 118.49502,-449.64622,   0.58433, 134.21854,-445.30979,   1.57996, 140.50689,-444.23524,   5.19085, 130.73720,-447.03281,  10.42483, 130.73225,-448.13166,  18.39915, 118.58208,-467.64229,  22.39919, 104.24940,-451.04442,  -4.68040, 131.33669,-445.84276,  -9.90202, 131.03920,-444.72535, -17.92268, 108.17036,-446.86550,  -3.38094, 100.56361,-431.77954,   7.44743,  92.32965,-451.62636,   7.34683,  57.94530,-433.05113,   7.63019,  17.92156,-441.87286,   6.23308,  10.05287,-433.25339,  -5.35605,  91.28548,-453.17401,  -9.94350,  52.48312,-452.35784,  -1.80243,  56.08928,-492.36436,   0.21766,  53.50043,-503.65067
   0.83333,   0.00000,   0.00000,   0.00000,   0.84703,  93.98400,-452.22500,  -1.02037, 109.56773,-451.09698,  -1.49807, 118.45135,-449.77776,  -0.04225, 134.09538,-445.15598,   0.77493, 140.39710,-444.01152,   4.60614, 130.55844,-446.63621,   9.83287, 129.77562,-447.45507,  19.01704, 115.80744,-465.13053,  21.85986, 104.19494,-446.31607,  -5.30906, 131.30825,-446.04996, -10.57823, 130.66176,-445.40156, -17.97164, 107.99131,-450.22688,  -7.23238,  96.77722,-434.23241,   7.49317,  92.52336,-451.62843,   4.48886,  58.79498,-432.11684,   6.14896,  21.86451,-449.81394,   5.04571,  14.11531,-441.04489,  -5.27874,  91.10200,-453.13591, -11.05386,  53.47127,-444.30923,  -2.94955,  60.66342,-483.83638,  -0.84304,  60.68904,-495.40036
   0.86667,   0.00000,   0.00000,   0.00000,   0.84703,  93.98400,-452.22500,  -1.16927, 109.56784,-451.39385,  -1.70945, 118.45082,-450.09466,  -0.33410, 133.92823,-444.92028,   0.44309, 140.21112,-443.65124,   4.34331, 130.41935,-446.37567,   9.51702, 129.25985,-447.07594,  19.71218, 111.09159,-459.63992,  20.35201, 103.62054,-438.64732,  -5.58213, 131.19709,-446.06288, -10.86352, 130.44121,-445.69131, -16.92205, 108.38480,-453.98013, -11.73837,  91.70619,-440.12863,   7.52655,  92.61276,-451.81972,   4.30919,  57.98783,-433.98451,   5.57825,  24.00141,-456.85624,   4.54319,  16.14785,-448.17214,  -5.27063,  91.01257,-452.86189, -11.76241,  57.07937,-434.59365,  -3.89797,  61.81943,-474.53718,  -1.99868,  62.31267,-486.12652
   0.90000,   0.00000,   0.00000,   0.00000,   0.84703,  93.98400,-452.22500,  -0.68185, 109.63382,-451.62675,  -1.06791, 118.53269,-450.38250,   0.06919, 133.94659,-444.96634,   0.76330, 140.21754,-443.59424,   4.80356, 130.51036,-446.41088,  10.05002, 129.54763,-446.79797,  18.95481, 107.82110,-453.16533,  17.16862, 106.19285,-431.00515,  -5.13309, 131.17573,-446.21738, -10.42740, 130.44214,-446.03123, -16.76197, 110.24056,-458.01724, -14.72797,  90.91532,-447.09438,   7.49427,  92.42180,-452.03976,   5.97064,  55.67524,-438.82230,   5.73239,  23.89904,-464.70703,   4.64758,  15.88394,-456.17797,  -5.37417,  91.18515,-452.57695, -11.45894,  61.40946,-428.00627,  -3.91010,  60.09917,-468.26917,  -2.62176,  58.52930,-479.84671
   0.93333,   0.00000,   0.00000,   0.00000,   0.84703,  93.98400,-452.22500,   0.25102, 109.67922,-451.26739,   0.14997, 118.57284,-449.93307,   0.71022, 134.07311,-444.67531,   1.22044, 140.35711,-443.28238,   5.57786, 130.70652,-445.80701,  10.86744, 129.94226,-445.61105,  18.65174, 106.98104,-447.62788,  13.16283, 109.94478,-426.22686,  -4.36431, 131.19106,-446.17512,  -9.65257, 130.45596,-446.48570, -17.48455, 112.76124,-461.23197, -15.91500,  92.93740,-451.15907,   7.38997,  92.05689,-452.59476,   7.39425,  53.42325,-446.69777,   6.43442,  21.78329,-472.73227,   5.29383,  13.08361,-464.91062,  -5.52983,  91.53740,-452.12209,  -9.54213,  63.49314,-425.20082,  -3.58841,  54.59291,-464.76270,  -2.43291,  49.04182,-475.05900
   0.96667,   0.00000,   0.00000,   0.00000,   0.84703,  93.98400,-452.22500,   1.12738, 109.63829,-450.65119,   1.26573, 118.50832,-449.17111,   1.20231, 134.18194,-444.42247,   1.46792, 140.49413,-443.09023,   6.19399, 130.88244,-445.13306,  11.46431, 130.42003,-444.35079,  18.77278, 107.22088,-443.83457,   9.67390, 112.99997,-424.32232,  -3.71269, 131.14642,-446.13566,  -8.96599, 130.58801,-446.96842, -17.32259, 114.96534,-463.64160, -16.01378,  95.00346,-453.80691,   7.23185,  91.76478,-453.20976,   7.39753,  52.69534,-454.15007,   6.82978,  19.67287,-478.41933,   5.76025,   9.22687,-473.13721,  -5.61592,  91.84092,-451.67881,  -7.20033,  63.61830,-424.69164,  -3.32351,  46.14930,-461.56450,  -2.39105,  37.30120,-469.24598
   1.00000,   0.00000,   0.00000,   0.00000,   0.84703,  93.98400,-452.22500,   1.45393, 109.59399,-450.33498,   1.61525, 118.45313,-448.79332,   1.00322, 134.23058,-444.44434,   0.98570, 140.57120,-443.22557,   6.08950, 131.02312,-444.83239,  11.30255, 130.94804,-443.64055,  18.79951, 107.92334,-441.28691,   6.61440, 115.29844,-424.13913,  -3.76023, 131.05012,-446.31536,  -8.96367, 130.69828,-447.49982, -16.77414, 117.00633,-466.03148, -16.06321,  97.12497,-455.97480,   7.16784,  91.66864,-453.38566,   8.41782,  53.11635,-459.66979,   8.22331,  17.81780,-480.49712,   6.14658,   6.28331,-479.59911,  -5.64291,  91.94940,-451.59103,  -5.33653,  62.95245,-425.39147,  -3.17490,  37.33192,-457.30884,  -2.89567,  26.63247,-462.16759
   1.03333,   0.00000,   0.00000,   0.00000,   0.84703,  93.98400,-452.22500,   1.62980, 109.56054,-450.13432,   1.74936, 118.41578,-448.56665,   0.58451, 134.25614,-444.57390,   0.28031, 140.60512,-443.43939,   5.76112, 131.17551,-444.71860,  10.87665, 131.58063,-443.21216,  19.05188, 109.04098,-439.08778,   4.18740, 117.27983,-424.66266,  -4.02806, 130.91532,-446.54105,  -9.19450, 130.85565,-447.92192, -16.06458, 118.92812,-467.98261, -16.04610,  99.22252,-457.56146,   7.14762,  91.60602,-453.36883,   9.27298,  54.24138,-464.62489,   9.25401,  18.88558,-485.35580,   6.63938,   7.43789,-485.88262,  -5.67170,  92.02135,-451.66377,  -4.32117,  61.74741,-426.98586,  -3.36747,  29.88696,-452.75028,  -3.28645,  18.24463,-454.36683
   1.06667,   0.00000,   0.00000,   0.00000,   0.84703,  93.98400,-452.22500,   1.63164, 109.54284,-450.00706,   1.67998, 118.39601,-448.42399,   0.14561, 134.26395,-444.67299,  -0.37849, 140.61683,-443.64560,   5.37716, 131.27411,-444.65599,  10.37019, 132.02509,-442.89310,  19.54051, 110.19715,-437.29602,   2.58635, 118.77448,-425.63836,  -4.36057, 130.81636,-446.70152,  -9.48563, 131.00841,-448.21788, -15.49716, 120.52777,-469.33454, -15.88388, 101.01869,-458.55691,   7.13888,  91.62415,-453.45150,   9.66398,  54.97776,-466.79311,   7.54710,  22.53749,-491.75210,   6.73683,  11.05505,-494.13129,  -5.66347,  92.00815,-451.61657,  -4.04802,  59.85011,-429.46742,  -3.74727,  23.33490,-448.07796,  -3.32584,  11.66912,-446.70114
   1.10000,   0.00000,   0.00000,   0.00000,   0.84703,  93.98400,-452.22500,   1.36794, 109.57393,-450.15259,   1.28001, 118.44028,-448.64682,  -0.46247, 134.31636,-445.02334,  -1.15339, 140.66271,-444.05603,   4.80049, 131.38351,-444.93314,   9.70559, 132.34668,-443.03197,  19.83812, 111.27357,-436.31360,   1.43867, 119.69200,-426.95916,  -4.91073, 130.80619,-447.07228,  -9.99454, 131.16138,-448.69438, -15.21700, 121.64285,-470.46635, -16.03076, 102.42350,-459.20290,   7.16735,  91.72966,-453.50251,  10.00858,  55.53982,-467.97854,   5.75850,  27.37045,-497.44422,   5.81063,  16.54992,-502.03519,  -5.61846,  91.89397,-451.52500,  -4.17055,  57.80254,-432.47213,  -3.81842,  18.19625,-443.00877,  -2.87516,   7.11304,-439.20927
   1.13333,   0.00000,   0.00000,   0.00000,   0.84703,  93.98400,-452.22500,   1.13361, 109.59587,-450.27576,   0.92567, 118.47075,-448.83337,  -0.98940, 134.34548,-445.29198,  -1.82091, 140.67564,-444.32921,   4.30748, 131.47430,-445.20248,   9.16986, 132.59679,-443.27911,  20.09571, 112.14478,-435.91555,   0.81742, 119.97749,-427.92107,  -5.40308, 130.77271,-447.30723, -10.46450, 131.21584,-448.97700, -14.95585, 121.98851,-471.03554, -16.22420, 103.17721,-459.14280,   7.19628,  91.81832,-453.51239,  10.18776,  55.62333,-467.94522,   4.01947,  33.43471,-501.84832,   3.60945,  23.65648,-508.35844,  -5.58209,  91.79920,-451.48079,  -4.49812,  55.91744,-436.03221,  -3.81248,  14.97842,-437.85685,  -2.15188,   4.86107,-432.10836
   1.16667,   0.00000,   0.00000,   0.00000,   0.84703,  93.98400,-452.22500,   0.92278, 109.60910,-450.36416,   0.60321, 118.48911,-448.97474,  -1.47724, 134.36354,-445.52654,  -2.41862, 140.68098,-444.58153,   3.85431, 131.55674,-445.45625,   8.71867, 132.79801,-443.61252,  20.26575, 112.72394,-436.15749,   0.54857, 119.68523,-428.43165,  -5.86199, 130.72445,-447.48550, -10.93272, 131.17186,-449.12564, -14.85404, 121.45604,-471.08291, -16.50033, 103.17826,-458.42892,   7.22508,  91.89690,-453.49978,  10.60737,  55.43236,-467.14641,   3.33187,  40.45929,-504.59874,   0.94829,  32.18513,-512.60001,  -5.55214,  91.71693,-451.46877,  -4.53847,  54.91595,-438.35411,  -3.51981,  14.19982,-433.77566,  -1.59307,   5.30860,-426.33272
   1.20000,   0.00000,   0.00000,   0.00000,   0.84703,  93.98400,-452.22500,   1.03083, 109.58496,-450.17844,   0.70740, 118.45469,-448.72570,  -1.57676, 134.31359,-445.33542,  -2.56407, 140.62669,-444.40853,   3.79924, 131.59199,-445.32507,   8.71181, 132.85291,-443.62838,  20.73922, 112.93023,-436.53549,   0.93364, 118.92886,-428.24868,  -5.93011, 130.59443,-447.21231, -11.03387, 130.84132,-448.79130, -14.61973, 120.00994,-470.27893, -16.49095, 102.57450,-456.51612,   7.21936,  91.86057,-453.46797,  11.48037,  54.88165,-465.37326,   3.68430,  47.80956,-504.98399,  -0.91003,  41.92573,-514.06343,  -5.57653,  91.75999,-451.55233,  -4.30230,  54.91381,-438.58818,  -2.48907,  14.60087,-431.42002,  -1.27496,   6.27807,-423.20903
   1.23333,   0.00000,   0.00000,   0.00000,   0.84703,  93.98400,-452.22500,   1.13016, 109.55079,-449.94309,   0.80242, 118.40346,-448.39067,  -1.67637, 134.22222,-444.94998,  -2.65849, 140.53755,-444.03278,   3.74120, 131.58548,-445.02758,   8.74061, 132.75240,-443.52880,  21.31093, 112.89998,-437.22410,   1.75344, 117.80432,-427.71792,  -6.00007, 130.43633,-446.76085, -11.13238, 130.34591,-448.26209, -14.85087, 117.73394,-468.73173, -16.49141, 101.31741,-453.74116,   7.21959,  91.82450,-453.40295,  12.20725,  54.05782,-462.12841,   3.77344,  55.29773,-502.21751,  -1.64453,  52.20696,-512.18026,  -5.60444,  91.80558,-451.68294,  -4.65304,  55.38363,-437.54538,  -1.97842,  14.89507,-431.77250,  -1.26117,   6.02984,-424.08766
   1.26667,   0.00000,   0.00000,   0.00000,   0.84703,  93.98400,-452.22500,   1.35744, 109.51368,-449.73889,   1.07826, 118.34737,-448.07301,  -1.59163, 134.09539,-444.45537,  -2.53436, 140.41039,-443.49550,   3.86450, 131.54505,-444.64220,   8.97899, 132.49292,-443.39898,  22.29854, 112.74107,-438.46593,   3.51321, 116.19090,-426.97135,  -5.88421, 130.25737,-446.23016, -11.02048, 129.75530,-447.63342, -15.34865, 114.77684,-466.30983, -16.20153,  99.33247,-450.25820,   7.19564,  91.73667,-453.36746,  12.61504,  53.23176,-457.28335,   3.53660,  61.75035,-496.33227,  -1.22309,  61.62138,-507.07900,  -5.64382,  91.90375,-451.77533,  -4.91832,  56.59929,-435.03011,   0.67165,  16.16178,-438.68564,  -0.04671,   7.88197,-430.37346
   1.30000,   0.00000,   0.00000,   0.00000,   0.84703,  93.98400,-452.22500,   1.74983, 109.55719,-450.15787,   1.60409, 118.41373,-448.59982,  -1.18871, 134.07766,-444.71941,  -2.12148, 140.38735,-443.71590,   4.29520, 131.60568,-445.07239,   9.51994, 132.22204,-444.11101,  23.53022, 112.46419,-441.82627,   6.91654, 113.62719,-427.00910,  -5.47146, 130.20256,-446.43644, -10.54563, 129.02499,-447.64831, -16.05451, 111.79520,-463.91736, -15.61813,  97.89188,-446.49846,   7.14098,  91.54191,-453.26569,  13.10877,  53.00462,-450.69760,   4.14216,  65.69840,-488.62215,   0.17646,  68.51065,-499.32392,  -5.69850,  92.08639,-451.76035,  -3.87011,  58.13860,-432.48501,   1.49203,  20.42240,-447.60251,   0.77001,  12.93147,-438.57322
   1.33333,   0.00000,   0.00000,   0.00000,   0.84703,  93.98400,-452.22500,   2.27160, 109.58726,-450.76861,   2.25050, 118.46573,-449.33353,  -0.95175, 133.89001,-444.85546,  -1.96791, 140.17670,-443.79045,   4.59928, 131.61977,-445.43904,   9.87529, 132.05278,-444.67861,  23.92203, 112.33228,-447.06021,  12.71587, 107.69870,-428.35547,  -5.14976, 129.92891,-446.58547, -10.03795, 127.96037,-447.49815, -17.32299, 108.31930,-459.86957, -13.52585,  99.14155,-439.91308,   7.07707,  91.26821,-452.91176,  13.08287,  54.43447,-441.31268,   6.17611,  65.62380,-480.13147,   2.12120,  70.22786,-490.15763,  -5.78000,  92.35171,-451.94409,  -3.06219,  58.41474,-432.75477,   2.32138,  24.23147,-454.71665,   1.51284,  16.74365,-445.69211
   1.36667,   0.00000,   0.00000,   0.00000,   0.84703,  93.98400,-452.22500,   2.00639, 109.65632,-451.42094,   1.84739, 118.57248,-450.25308,  -1.49204, 133.96577,-445.76856,  -2.66916, 140.19846,-444.56142,   4.07729, 131.80207,-446.54928,   9.36614, 132.44300,-446.08094,  22.82055, 113.38844,-452.99347,  18.18142, 102.17715,-434.29318,  -5.67238, 129.90772,-447.30593, -10.64281, 128.04170,-447.95033, -18.00983, 105.64950,-453.96796, -10.58506, 104.38849,-432.98717,   7.13245,  91.33761,-452.61321,  12.09350,  57.76462,-433.23345,   7.36412,  63.27725,-473.57012,   3.58399,  66.67973,-484.16716,  -5.76147,  92.26307,-452.06085,  -4.03219,  56.62353,-436.11824,   2.74273,  26.27723,-462.82041,   1.75925,  18.70918,-453.88056
   1.40000,   0.00000,   0.00000,   0.00000,   0.84703,  93.98400,-452.22500,   1.21325, 109.70653,-451.69558,   0.82493, 118.63926,-450.72465,  -1.99798, 134.22516,-446.56213,  -3.11110, 140.47825,-445.40059,   3.47242, 131.95988,-447.68095,   8.79440, 132.46541,-447.83281,  22.09215, 115.46886,-459.06525,  20.79558, 102.23816,-441.17159,  -6.32656, 130.17246,-447.63244, -11.39832, 128.47560,-447.61163, -18.30997, 105.19240,-449.03175,  -7.75544, 110.54933,-430.14218,   7.26336,  91.64508,-452.36902,  10.70251,  60.66647,-428.79296,   7.26302,  57.81937,-469.53442,   4.90248,  56.99329,-481.01959,  -5.67136,  91.94160,-452.22851,  -4.74591,  54.01523,-442.84407,   2.42120,  25.72411,-471.61990,   1.51342,  17.65474,-463.12139
   1.43333,   0.00000,   0.00000,   0.00000,   0.84703,  93.98400,-452.22500,   0.23820, 109.68495,-451.37546,  -0.39735, 118.60237,-450.39423,  -2.44288, 134.43817,-446.75288,  -3.34306, 140.74201,-445.68494,   2.84712, 131.96398,-448.23710,   8.09498, 132.41906,-449.16174,  20.74909, 117.67670,-463.80472,  20.95764, 103.06216,-446.97359,  -6.95081, 130.47028,-447.24380, -12.06282, 129.06478,-446.54066, -18.65059, 105.65648,-445.80012,  -5.82996, 113.78629,-429.47687,   7.39189,  92.03300,-452.08727,   8.74279,  61.65203,-427.54132,   6.81678,  49.59843,-466.66681,   6.14387,  43.06638,-476.41581,  -5.52818,  91.55969,-452.59947,  -4.84491,  52.50622,-451.29817,   1.64741,  23.34595,-479.35760,   1.01616,  13.74960,-472.59925
   1.46667,   0.00000,   0.00000,   0.00000,   0.84703,  93.98400,-452.22500,  -0.72255, 109.53896,-450.43841,  -1.57144, 118.40458,-449.18646,  -2.83517, 134.43849,-446.09899,  -3.43400, 140.80779,-445.22565,   2.25402, 131.71799,-447.83322,   7.37408, 132.21223,-449.29703,  18.15929, 119.51555,-467.02707,  20.36677, 103.95489,-451.21857,  -7.49463, 130.61804,-446.10955, -12.59350, 129.58003,-444.87399, -19.15755, 106.19903,-443.41197,  -4.54630, 114.58951,-428.81669,   7.48892,  92.40778,-451.97717,   6.97739,  61.50954,-428.05293,   6.52122,  39.88998,-462.86945,   7.09903,  29.56783,-468.46257,  -5.35748,  91.22559,-452.97069,  -4.89084,  52.53946,-458.49331,   0.75690,  21.05365,-484.11654,   0.59358,   9.76759,-480.83604
   1.50000,   0.00000,   0.00000,   0.00000,   0.84703,  93.98400,-452.22500,  -0.72873, 109.51336,-450.23295,  -1.45334, 118.38466,-448.94370,  -2.05826, 134.51045,-446.14929,  -2.30960, 140.92860,-445.49094,   2.86116, 131.58583,-448.03462,   7.88208, 132.17465,-449.77982,  16.30784, 121.41319,-469.90637,  20.34568, 105.08384,-455.27888,  -6.83704, 130.84985,-445.88511, -11.89838, 130.20592,-444.28178, -18.75354, 106.93892,-442.39796,  -2.47168, 114.17448,-429.00175,   7.48976,  92.40772,-452.00122,   5.85265,  60.44545,-429.57209,   6.80406,  30.87204,-457.93247,   7.37456,  19.17641,-458.95743,  -5.35659,  91.23279,-453.00390,  -5.72549,  53.54385,-463.33549,  -1.43245,  19.54194,-485.81310,   0.25248,   7.95683,-486.86657
   1.53333,   0.00000,   0.00000,   0.00000,   0.84703,  93.98400,-452.22500,  -0.47601, 109.54370,-450.28656,  -1.01615, 118.43075,-449.01545,  -1.13075, 134.57058,-446.23898,  -1.00210, 141.00783,-445.75471,   3.65863, 131.51800,-448.25199,   8.61541, 132.29126,-450.10522,  14.80859, 123.14121,-471.78014,  20.20456, 106.21725,-458.31245,  -5.99277, 131.03428,-445.83671, -10.98118, 130.75282,-443.92907, -18.56276, 107.76574,-441.47768,  -0.67259, 113.14036,-429.31354,   7.46666,  92.30765,-452.04894,   5.49826,  59.10470,-431.53013,   7.24016,  23.47014,-451.70307,   6.97120,  11.93403,-449.46492,  -5.40392,  91.32440,-452.94123,  -6.40238,  54.48873,-465.95931,  -2.39855,  21.26426,-489.62166,   0.04992,  10.12451,-492.46322
   1.56667,   0.00000,   0.00000,   0.00000,   0.84703,  93.98400,-452.22500,  -0.28172, 109.55993,-450.29405,  -0.68463, 118.45433,-449.02346,  -0.45112, 134.59438,-446.25571,  -0.04140, 141.02786,-445.89282,   4.25603, 131.44669,-448.31564,   9.18626, 132.34054,-450.18538,  13.47199, 124.26253,-472.72998,  19.93311, 107.11250,-460.03960,  -5.37789, 131.15528,-445.80171, -10.28425, 131.09529,-443.67416, -18.80015, 108.53871,-440.42216,   0.32010, 111.80915,-429.43893,   7.44415,  92.22306,-452.03102,   5.52029,  57.47170,-434.25537,   7.06362,  17.95159,-445.00628,   5.83640,   7.40169,-439.97070,  -5.43556,  91.40447,-452.95707,  -6.99712,  54.70398,-466.29760,  -1.44926,  25.04286,-494.03282,   0.43663,  14.36085,-498.56069
   1.60000,   0.00000,   0.00000,   0.00000,   0.84703,  93.98400,-452.22500,  -0.05872, 109.61698,-450.67519,  -0.31486, 118.53658,-449.55167,   0.29655, 134.67150,-446.81192,   0.93473, 141.08838,-446.48696,   4.92219, 131.41460,-448.88669,   9.83883, 132.32578,-450.78366,  12.95747, 124.46411,-473.59482,  20.11280, 107.54243,-460.97050,  -4.70493, 131.34577,-446.33112,  -9.57175, 131.42679,-444.11527, -18.85452, 109.29847,-440.10740,   0.92126, 110.28097,-429.86707,   7.41898,  92.13524,-451.99659,   5.76719,  56.10646,-436.94564,   6.72150,  15.16809,-438.66088,   4.48405,   6.40993,-431.14742,  -5.47252,  91.47640,-452.88528,  -7.49561,  54.40291,-465.08356,  -0.85729,  29.97868,-497.32006,   1.17141,  20.53998,-504.02520
   1.63333,   0.00000,   0.00000,   0.00000,   0.84703,  93.98400,-452.22500,   0.16424, 109.65188,-450.93522,   0.05137, 118.58558,-449.90400,   1.00925, 134.69908,-447.13749,   1.81987, 141.09616,-446.80647,   5.55634, 131.35150,-449.24136,  10.46359, 132.22742,-451.17881,  13.28970, 123.65668,-473.77165,  20.77405, 107.47151,-460.39480,  -4.05737, 131.47631,-446.63787,  -8.92198, 131.66357,-444.42359, -18.70824, 109.81819,-440.07574,   1.09283, 108.55761,-429.91506,   7.39636,  92.05211,-452.03873,   6.10973,  55.52798,-438.19441,   6.56280,  14.83019,-433.36868,   3.59041,   7.72768,-424.48708,  -5.51203,  91.54980,-452.77068,  -8.04712,  53.93839,-463.08033,  -0.72801,  35.95036,-499.17277,   1.98667,  28.18390,-507.56778
   1.66667,   0.00000,   0.00000,   0.00000,   0.84703,  93.98400,-452.22500,   0.11058, 109.64782,-450.91559,   0.02788, 118.57919,-449.86157,   1.25605, 134.66417,-447.03648,   2.20898, 141.03706,-446.62730,   5.74292, 131.25055,-449.16338,  10.66850, 131.98408,-451.11343,  13.83704, 122.16090,-473.14401,  21.27697, 107.21878,-458.36917,  -3.86162, 131.52299,-446.53741,  -8.76802, 131.70822,-444.41719, -18.84493, 109.98944,-440.09913,   0.50340, 106.86098,-429.47999,   7.40819,  92.08461,-452.16120,   6.27505,  55.91498,-437.40292,   5.84890,  15.48774,-430.67539,   3.40768,   8.46068,-421.57460,  -5.50891,  91.51843,-452.65368,  -8.99384,  53.29465,-460.01110,  -1.28376,  42.69939,-498.84534,   2.04009,  37.09648,-508.62915
   1.70000,   0.00000,   0.00000,   0.00000,   0.84703,  93.98400,-452.22500,   0.07303, 109.65349,-451.00838,   0.00681, 118.58681,-449.96984,   1.40423, 134.63862,-447.03681,   2.43527, 140.98941,-446.49490,   5.86876, 131.18310,-449.14297,  10.83908, 131.72700,-451.04088,  14.80102, 120.28358,-472.14140,  21.81950, 106.91737,-455.74015,  -3.75564, 131.55728,-446.60365,  -8.73515, 131.63948,-444.65424, -18.95192, 109.89504,-440.82120,  -0.43164, 105.27063,-429.30926,   7.41598,  92.11175,-452.28965,   6.64291,  56.86836,-435.41841,   5.48583,  16.13162,-431.06161,   3.16809,   8.08693,-422.81088,  -5.50624,  91.48971,-452.49938, -10.09655,  52.82118,-455.81725,  -2.19077,  49.80888,-495.91996,   1.36950,  46.84690,-506.72342
   1.73333,   0.00000,   0.00000,   0.00000,   0.84703,  93.98400,-452.22500,  -0.18130, 109.63629,-450.97573,  -0.32427, 118.56324,-449.89120,   1.16831, 134.57157,-446.77326,   2.19057, 140.90467,-446.04111,   5.65517, 131.08149,-448.77226,  10.70540, 131.34879,-450.51175,  15.73492, 118.13625,-470.31108,  22.01580, 106.78166,-452.18543,  -4.03784, 131.54809,-446.52617,  -9.11032, 131.44872,-444.83425, -19.29892, 109.53357,-442.03889,  -2.13180, 103.60930,-429.11201,   7.44591,  92.22549,-452.37692,   6.34436,  58.51146,-432.64160,   3.60628,  17.95887,-437.91356,   2.27271,   9.86365,-429.49617,  -5.46529,  91.38076,-452.42120, -11.22991,  52.77031,-450.59463,  -3.48365,  56.56003,-490.66252,  -0.06081,  56.21592,-501.90216
   1.76666,   0.00000,   0.00000,   0.00000,   0.84703,  93.98400,-452.22500,  -0.41848, 109.64005,-451.27685,  -0.65761, 118.57813,-450.30704,   0.78890, 134.58467,-447.15831,   1.54473, 140.94288,-446.32703,   5.35187, 131.05205,-448.89282,  10.48165, 130.68391,-450.35973,  16.88792, 115.72211,-468.44246,  21.81021, 107.34314,-448.38058,  -4.44742, 131.60369,-447.19376,  -9.61950, 131.18610,-445.89851, -19.50848, 108.98279,-444.84194,  -4.86840, 101.34793,-429.86570,   7.47182,  92.32122,-452.31360,   4.07883,  59.58606,-431.23686,   2.18151,  21.85212,-447.12248,   1.42512,  14.12073,-438.30108,  -5.42512,  91.28398,-452.40062, -12.54976,  53.68240,-444.48261,  -5.54006,  61.45512,-484.10902,  -2.27867,  63.40604,-495.23200
   1.80000,   0.00000,   0.00000,   0.00000,   0.84703,  93.98400,-452.22500,  -0.80407, 109.61264,-451.43023,  -1.20102, 118.54379,-450.44834,   0.16649, 134.46984,-446.88367,   0.83068, 140.82941,-445.98702,   4.78295, 130.96146,-448.52322,   9.84859, 129.98962,-449.93631,  18.49913, 111.68811,-463.43089,  20.66790, 107.30178,-441.68297,  -5.07249, 131.50873,-447.18607, -10.28093, 130.78816,-446.20861, -19.06711, 108.23463,-448.66560,  -9.27221,  96.99381,-432.09410,   7.50975,  92.49022,-452.41840,   3.56925,  59.08564,-432.52020,   2.03735,  24.42842,-454.34527,   1.37598,  16.54126,-445.65510,  -5.35559,  91.12262,-452.25308, -12.74019,  56.34055,-436.03551,  -7.77901,  62.51626,-476.24807,  -4.63911,  65.35577,-487.21356
   1.83333,   0.00000,   0.00000,   0.00000,   0.84703,  93.98400,-452.22500,  -0.58977, 109.64795,-451.79069,  -0.90696, 118.59190,-450.90056,   0.45599, 134.45713,-447.07270,   1.09378, 140.80476,-446.07768,   5.07653, 130.97313,-448.75225,  10.23443, 130.18191,-449.92363,  18.60929, 108.57619,-457.33548,  18.02179, 108.83785,-435.05316,  -4.78342, 131.50441,-447.44219, -10.02053, 130.79721,-446.62058, -17.66905, 108.84209,-453.78772, -12.81110,  94.64607,-437.30184,   7.48719,  92.39671,-452.44717,   4.85488,  56.72591,-436.69924,   2.53936,  24.87285,-462.38627,   1.87021,  16.81736,-453.85252,  -5.39275,  91.20629,-452.12385, -11.67189,  59.82150,-429.69839,  -8.75062,  60.70587,-470.56998,  -6.36215,  61.91047,-482.01584
   1.86666,   0.00000,   0.00000,   0.00000,   0.84703,  93.98400,-452.22500,   0.12205, 109.68925,-451.56783,   0.00559, 118.63171,-450.61601,   0.84638, 134.53614,-446.80049,   1.36769, 140.89198,-445.79021,   5.62328, 131.12890,-448.17181,  10.90380, 130.50173,-448.74174,  18.63774, 107.73900,-452.47339,  14.11531, 111.54981,-430.98058,  -4.30672, 131.48731,-447.47632,  -9.58813, 130.69064,-447.20327, -17.31860, 110.18316,-457.76634, -13.97270,  94.79913,-441.98510,   7.38382,  92.11693,-452.89212,   6.09505,  54.13184,-443.79243,   3.39200,  23.11285,-470.44424,   2.64554,  14.43235,-462.55404,  -5.48774,  91.47456,-451.74101,  -9.78779,  61.74594,-426.73997,  -8.53929,  55.15956,-467.17342,  -7.52742,  52.58029,-478.59651
   1.90000,   0.00000,   0.00000,   0.00000,   0.84703,  93.98400,-452.22500,   0.83963, 109.68243,-451.14270,   0.89735, 118.61321,-450.08200,   1.08844, 134.60265,-446.54404,   1.40835, 140.97963,-445.58436,   6.02900, 131.29543,-447.52467,  11.35817, 130.84639,-447.50580,  19.05301, 107.82028,-449.07697,  10.30181, 113.44511,-429.36166,  -3.93110, 131.40908,-447.49900,  -9.21150, 130.62533,-447.82391, -16.76911, 111.51272,-460.84260, -14.42554,  95.20112,-445.83093,   7.22215,  91.87581,-453.47960,   6.34737,  52.86327,-451.33749,   4.07182,  20.74244,-476.69251,   3.30318,  10.50867,-470.96166,  -5.52603,  91.71758,-451.27200,  -7.33866,  61.78935,-426.20511,  -8.21952,  46.88699,-464.37508,  -8.41407,  39.99290,-473.89334
   1.93333,   0.00000,   0.00000,   0.00000,   0.84703,  93.98400,-452.22500,   1.21352, 109.66011,-450.90687,   1.31411, 118.58387,-449.79169,   0.94306, 134.62543,-446.51352,   1.01111, 141.02830,-445.68410,   6.00470, 131.42545,-447.18314,  11.33108, 131.21341,-446.75092,  19.38883, 108.25801,-446.80493,   7.28185, 114.92538,-429.31542,  -3.94317, 131.29580,-447.67320,  -9.20071, 130.62167,-448.38475, -15.84578, 112.97357,-463.75624, -14.65251,  95.91097,-449.46097,   7.13754,  91.75912,-453.68787,   7.33145,  52.81983,-457.00847,   5.31140,  18.63446,-479.52696,   3.87952,   7.07770,-477.92859,  -5.54562,  91.84049,-451.12945,  -5.46513,  61.14753,-426.93711,  -8.39615,  37.86139,-460.53723,  -9.22156,  28.08185,-467.00583
   1.96666,   0.00000,   0.00000,   0.00000,   0.84703,  93.98400,-452.22500,   1.32326, 109.66223,-450.96865,   1.37657, 118.59298,-449.90750,   0.52429, 134.65993,-446.85091,   0.34789, 141.07565,-446.14615,   5.67821, 131.57158,-447.30666,  10.98695, 131.67357,-446.66718,  19.72793, 109.02531,-445.07594,   5.00878, 116.41274,-430.05303,  -4.24137, 131.20292,-448.13311,  -9.48669, 130.73228,-449.06460, -14.94272, 114.71479,-466.54509, -14.79959,  97.20101,-452.75532,   7.14230,  91.70020,-453.57199,   8.35360,  53.47941,-461.63649,   6.30679,  19.31786,-484.18871,   4.36765,   7.74377,-484.85480,  -5.58096,  91.89882,-451.22811,  -4.44618,  60.26776,-428.30384,  -8.60471,  30.18934,-455.83197,  -9.68688,  18.89041,-458.88594
   2.00000,   0.00000,   0.00000,   0.00000,   0.84703,  93.98400,-452.22500,   1.35699, 109.66551,-451.02401,   1.36038, 118.60238,-450.01426,   0.17438, 134.68527,-447.15946,  -0.18975, 141.10179,-446.53909,   5.38820, 131.68162,-447.47999,  10.66725, 132.03093,-446.69789,  20.20249, 109.87220,-443.54342,   3.57408, 117.68672,-430.92023,  -4.50562, 131.13227,-448.49375,  -9.72924, 130.79725,-449.59104, -14.12999, 116.42967,-468.72482, -14.67697,  98.85793,-455.01914,   7.14875,  91.67664,-453.49975,   9.22527,  54.09915,-464.03317,   5.42911,  23.32277,-490.83254,   4.60427,  11.91166,-493.52879,  -5.59681,  91.92147,-451.28492,  -4.33906,  59.17718,-429.98790,  -8.86839,  23.81909,-450.21396,  -9.61294,  12.08843,-450.24295
   2.03333,   0.00000,   0.00000,   0.00000,   0.84703,  93.98400,-452.22500,   1.04528, 109.67207,-451.01772,   0.89420, 118.61154,-450.04298,  -0.47542, 134.71373,-447.38601,  -0.99467, 141.12700,-446.84783,   4.77025, 131.75822,-447.62358,  10.02767, 132.25834,-446.78008,  20.30435, 110.64851,-442.38853,   2.44553, 118.57781,-431.65986,  -5.10783, 131.09958,-448.72210, -10.30193, 130.86976,-449.97553, -13.88745, 117.73005,-470.13459, -14.93230, 100.25410,-456.33566,   7.18646,  91.80591,-453.53960,  10.26670,  54.64304,-465.23426,   4.22243,  29.10508,-496.71572,   3.71672,  18.47940,-501.71599,  -5.54765,  91.79037,-451.24683,  -4.86210,  57.86076,-431.86526,  -9.01089,  18.77331,-443.47399,  -9.08491,   7.23693,-441.22232
   2.06666,   0.00000,   0.00000,   0.00000,   0.84703,  93.98400,-452.22500,   0.89333, 109.67331,-451.01844,   0.65485, 118.61337,-450.06689,  -0.87062, 134.72297,-447.54306,  -1.54577, 141.12470,-447.04183,   4.40173, 131.81124,-447.72389,   9.64747, 132.40772,-446.87038,  20.53758, 111.23901,-441.85317,   2.04560, 118.99281,-432.11455,  -5.46293, 131.05874,-448.88120, -10.63524, 130.93888,-450.23594, -13.57473, 118.32512,-470.83079, -15.15372, 101.07699,-456.79797,   7.19421,  91.87277,-453.60942,  11.41410,  54.94174,-465.67690,   3.85611,  36.03328,-501.24584,   2.21242,  26.78315,-508.30961,  -5.51306,  91.72317,-451.17680,  -5.61141,  56.42036,-434.41266,  -8.64468,  15.60626,-436.60615,  -7.87024,   4.77307,-432.11107
   2.10000,   0.00000,   0.00000,   0.00000,   0.84703,  93.98400,-452.22500,   0.70362, 109.68079,-451.12842,   0.35864, 118.62398,-450.24101,  -1.35541, 134.73360,-447.84142,  -2.16958, 141.12078,-447.36145,   3.95060, 131.88229,-447.99883,   9.19048, 132.56892,-447.17766,  20.49678, 111.60714,-442.21254,   1.89360, 119.02126,-432.42130,  -5.90428, 131.00585,-449.15224, -11.06703, 130.92964,-450.54604, -13.65695, 118.28220,-471.16714, -15.71851, 101.58833,-456.53922,   7.20969,  91.94332,-453.64372,  12.77260,  55.10885,-465.45931,   3.76660,  44.40950,-503.98487,   0.89626,  37.35333,-512.93669,  -5.47568,  91.65053,-451.11186,  -6.30815,  55.59151,-436.06565,  -8.32563,  15.01230,-430.67489,  -6.71999,   5.41358,-424.08323
   2.13333,   0.00000,   0.00000,   0.00000,   0.84703,  93.98400,-452.22500,   0.70692, 109.67777,-451.08556,   0.32519, 118.61838,-450.18726,  -1.58624, 134.71333,-447.83892,  -2.50988, 141.08879,-447.40342,   3.75692, 131.93535,-448.04394,   9.00366, 132.67260,-447.31582,  20.53239, 111.71676,-442.86365,   2.23451, 118.66911,-432.19745,  -6.09715, 130.91682,-449.08181, -11.26619, 130.72150,-450.44025, -13.87722, 117.62752,-470.77803, -16.20217, 101.84653,-455.20670,   7.19212,  91.95170,-453.73173,  14.19422,  55.07745,-464.62175,   3.81575,  53.38333,-504.23514,   0.40627,  49.07715,-514.62724,  -5.45902,  91.64299,-451.03580,  -6.55076,  55.52058,-436.15920,  -7.78742,  15.73508,-426.39253,  -6.50671,   6.88880,-418.75927
   2.16666,   0.00000,   0.00000,   0.00000,   0.84703,  93.98400,-452.22500,   0.76997, 109.66804,-450.95333,   0.37552, 118.60159,-449.99250,  -1.71948, 134.66593,-447.59164,  -2.70225, 141.03120,-447.13695,   3.65845, 131.97210,-447.95179,   8.92453, 132.70872,-447.37918,  20.66427, 111.72640,-443.66421,   3.03337, 117.98959,-431.54649,  -6.20443, 130.79830,-448.70216, -11.39077, 130.38572,-449.94076, -14.43184, 116.33468,-469.56767, -16.68315, 101.81406,-452.80478,   7.16863,  91.94454,-453.81829,  15.44622,  54.87162,-463.00589,   4.20218,  61.78070,-501.80846,   0.69747,  60.49704,-512.95444,  -5.45310,  91.65286,-450.98608,  -6.72778,  56.00890,-435.01057,  -7.33404,  16.22556,-425.17587,  -6.55473,   7.07086,-417.84459
   2.20000,   0.00000,   0.00000,   0.00000,   0.84703,  93.98400,-452.22500,   1.05095, 109.62035,-450.47139,   0.74441, 118.53512,-449.32247,  -1.40126, 134.58979,-446.90175,  -2.36307, 140.95514,-446.40528,   3.98269, 131.94310,-447.46447,   9.28475, 132.58800,-447.19170,  21.44312, 111.71595,-444.29128,   4.95429, 116.69093,-430.13913,  -5.89097, 130.67725,-447.81888, -11.08069, 129.89828,-448.84964, -15.10609, 114.53867,-467.28260, -16.87945, 101.80350,-449.07322,   7.12498,  91.88475,-453.91054,  16.48315,  54.47710,-460.26860,   5.42600,  68.24500,-497.25491,   1.64561,  69.95745,-508.25217,  -5.48775,  91.72595,-451.02813,  -6.44129,  57.97070,-431.35561,  -4.84796,  17.04074,-429.94035,  -5.15629,   7.99959,-422.43529
   2.23333,   0.00000,   0.00000,   0.00000,   0.84703,  93.98400,-452.22500,   1.09990, 109.63338,-450.59862,   0.79960, 118.56318,-449.57113,  -1.38803, 134.66381,-447.52178,  -2.25874, 141.04387,-447.04650,   3.98335, 132.05515,-448.32902,   9.31461, 132.46188,-448.44899,  21.99597, 111.75504,-446.93550,   7.91492, 114.50341,-429.87426,  -5.87777, 130.67914,-448.04259, -10.98699, 129.30951,-448.83153, -16.87751, 111.99669,-464.87719, -17.03681, 101.82546,-445.04207,   7.08534,  91.86624,-454.03033,  17.37445,  54.24262,-456.46542,   7.23528,  71.75349,-492.10767,   3.21428,  75.79828,-502.38555,  -5.46175,  91.74082,-450.87288,  -4.78724,  59.30828,-429.07818,  -3.87438,  19.96200,-440.51672,  -4.07771,  12.47120,-431.46079
   2.26666,   0.00000,   0.00000,   0.00000,   0.84703,  93.98400,-452.22500,   1.61125, 109.65402,-451.00896,   1.45534, 118.60198,-450.11629,  -1.02768, 134.64713,-447.97071,  -2.09398, 140.99200,-447.42770,   4.38640, 132.14750,-448.83565,   9.72809, 132.32799,-449.02481,  21.16256, 110.98183,-451.36479,  12.31446, 110.18093,-430.92010,  -5.44329, 130.57816,-448.47309, -10.41726, 128.74874,-449.19101, -18.17234, 108.04600,-459.34731, -16.57748, 100.10422,-438.57966,   7.05326,  91.60155,-453.79573,  17.04144,  54.30960,-447.72290,   8.29010,  69.70270,-484.68598,   4.55873,  74.32403,-494.82914,  -5.57217,  91.99977,-450.99313,  -4.34927,  58.88772,-430.27042,  -3.20755,  21.43277,-446.87243,  -3.69706,  13.91800,-437.84735
   2.30000,   0.00000,   0.00000,   0.00000,   0.84703,  93.98400,-452.22500,   1.60968, 109.68770,-451.57344,   1.45420, 118.65211,-450.86473,  -1.04468, 134.66609,-448.51445,  -2.11103, 141.00300,-447.88533,   4.36603, 132.18986,-449.46365,   9.68822, 132.63504,-449.74337,  18.74948, 110.84908,-455.67180,  15.64556, 104.44109,-434.54791,  -5.45554, 130.59189,-449.01612, -10.50149, 128.83696,-449.26335, -17.47588, 106.23298,-454.94780, -15.89477,  99.78267,-433.66860,   7.08578,  91.53913,-453.55211,  15.40810,  56.24381,-438.98120,   7.85739,  64.78928,-478.34825,   4.98055,  67.19233,-489.48883,  -5.60425,  92.05280,-451.07946,  -5.13286,  57.21701,-433.37128,  -3.41327,  21.17322,-452.80555,  -3.83275,  13.20657,-444.17304
   2.33333,   0.00000,   0.00000,   0.00000,   0.84703,  93.98400,-452.22500,   1.19573, 109.71479,-452.40611,   0.89520, 118.69484,-452.01172,  -1.46512, 134.70652,-449.50750,  -2.55048, 141.03984,-448.87480,   3.87459, 132.23711,-450.81061,   9.16781, 132.66146,-451.44612,  17.30703, 111.18481,-459.47026,  17.29292, 100.99798,-439.64241,  -5.89389, 130.62618,-449.71570, -10.95515, 128.92286,-449.42444, -17.36023, 105.68880,-452.74842, -14.93565, 100.77684,-431.14044,   7.20905,  91.64023,-453.05687,  12.47611,  58.14119,-433.62998,   5.92067,  57.51211,-474.08283,   4.34793,  54.53642,-485.34495,  -5.61217,  91.94414,-451.34266,  -5.60069,  55.10134,-438.30650,  -4.22480,  19.35052,-458.30121,  -4.57890,  10.31636,-450.78974
   2.36666,   0.00000,   0.00000,   0.00000,   0.84703,  93.98400,-452.22500,   0.88332, 109.70599,-452.88072,   0.50477, 118.68960,-452.68440,  -1.51480, 134.74924,-450.18934,  -2.53003, 141.09047,-449.52044,   3.73184, 132.19150,-451.68576,   8.98947, 132.53381,-452.60347,  17.03341, 111.85978,-462.59147,  18.93949,  99.08514,-444.42307,  -6.00902, 130.73570,-450.19795, -11.06763, 129.09285,-449.63760, -17.49583, 105.68860,-451.31520, -13.46304, 102.39049,-429.64102,   7.30077,  91.76311,-452.50322,  10.05934,  58.99284,-431.38848,   4.65000,  47.73981,-470.42578,   3.83489,  39.24496,-478.50890,  -5.61683,  91.82372,-451.76406,  -6.76320,  53.51077,-444.13928,  -5.22665,  17.03940,-462.77477,  -5.42861,   6.78135,-457.03933
